Copyright 1986-2022 Xilinx, Inc. All Rights Reserved. Copyright 2022-2024 Advanced Micro Devices, Inc. All Rights Reserved.
---------------------------------------------------------------------------------------------------------------------------------------------------------------------------------------------------------------------------------
| Tool Version : Vivado v.2024.2 (win64) Build 5239630 Fri Nov 08 22:35:27 MST 2024
| Date         : Fri May 29 09:30:09 2026
| Host         : DESKTOP-7HQBVAU running 64-bit major release  (build 9200)
| Command      : report_timing_summary -max_paths 10 -report_unconstrained -file CPU_Pipeline_timing_summary_routed.rpt -pb CPU_Pipeline_timing_summary_routed.pb -rpx CPU_Pipeline_timing_summary_routed.rpx -warn_on_violation
| Design       : CPU_Pipeline
| Device       : 7a35t-cpg236
| Speed File   : -3  PRODUCTION 1.23 2018-06-13
| Design State : Routed
---------------------------------------------------------------------------------------------------------------------------------------------------------------------------------------------------------------------------------

Timing Summary Report

------------------------------------------------------------------------------------------------
| Timer Settings
| --------------
------------------------------------------------------------------------------------------------

  Enable Multi Corner Analysis               :  Yes
  Enable Pessimism Removal                   :  Yes
  Pessimism Removal Resolution               :  Nearest Common Node
  Enable Input Delay Default Clock           :  No
  Enable Preset / Clear Arcs                 :  No
  Disable Flight Delays                      :  No
  Ignore I/O Paths                           :  No
  Timing Early Launch at Borrowing Latches   :  No
  Borrow Time for Max Delay Exceptions       :  Yes
  Merge Timing Exceptions                    :  Yes
  Inter-SLR Compensation                     :  Conservative

  Corner  Analyze    Analyze    
  Name    Max Paths  Min Paths  
  ------  ---------  ---------  
  Slow    Yes        Yes        
  Fast    Yes        Yes        


------------------------------------------------------------------------------------------------
| Report Methodology
| ------------------
------------------------------------------------------------------------------------------------

Rule    Severity  Description                               Violations  
------  --------  ----------------------------------------  ----------  
XDCH-2  Warning   Same min and max delay values on IO port  33          

Note: This report is based on the most recent report_methodology run and may not be up-to-date. Run report_methodology on the current design for the latest report.



check_timing report

Table of Contents
-----------------
1. checking no_clock (0)
2. checking constant_clock (0)
3. checking pulse_width_clock (0)
4. checking unconstrained_internal_endpoints (0)
5. checking no_input_delay (0)
6. checking no_output_delay (0)
7. checking multiple_clock (0)
8. checking generated_clocks (0)
9. checking loops (0)
10. checking partial_input_delay (0)
11. checking partial_output_delay (0)
12. checking latch_loops (0)

1. checking no_clock (0)
------------------------
 There are 0 register/latch pins with no clock.


2. checking constant_clock (0)
------------------------------
 There are 0 register/latch pins with constant_clock.


3. checking pulse_width_clock (0)
---------------------------------
 There are 0 register/latch pins which need pulse_width check


4. checking unconstrained_internal_endpoints (0)
------------------------------------------------
 There are 0 pins that are not constrained for maximum delay.

 There are 0 pins that are not constrained for maximum delay due to constant clock.


5. checking no_input_delay (0)
------------------------------
 There are 0 input ports with no input delay specified.

 There are 0 input ports with no input delay but user has a false path constraint.


6. checking no_output_delay (0)
-------------------------------
 There are 0 ports with no output delay specified.

 There are 0 ports with no output delay but user has a false path constraint

 There are 0 ports with no output delay but with a timing clock defined on it or propagating through it


7. checking multiple_clock (0)
------------------------------
 There are 0 register/latch pins with multiple clocks.


8. checking generated_clocks (0)
--------------------------------
 There are 0 generated clocks that are not connected to a clock source.


9. checking loops (0)
---------------------
 There are 0 combinational loops in the design.


10. checking partial_input_delay (0)
------------------------------------
 There are 0 input ports with partial input delay specified.


11. checking partial_output_delay (0)
-------------------------------------
 There are 0 ports with partial output delay specified.


12. checking latch_loops (0)
----------------------------
 There are 0 combinational latch loops in the design through latch input



------------------------------------------------------------------------------------------------
| Design Timing Summary
| ---------------------
------------------------------------------------------------------------------------------------

    WNS(ns)      TNS(ns)  TNS Failing Endpoints  TNS Total Endpoints      WHS(ns)      THS(ns)  THS Failing Endpoints  THS Total Endpoints     WPWS(ns)     TPWS(ns)  TPWS Failing Endpoints  TPWS Total Endpoints  
    -------      -------  ---------------------  -------------------      -------      -------  ---------------------  -------------------     --------     --------  ----------------------  --------------------  
      0.948        0.000                      0                 2134        0.098        0.000                      0                 2134        3.950        0.000                       0                   514  


All user specified timing constraints are met.


------------------------------------------------------------------------------------------------
| Clock Summary
| -------------
------------------------------------------------------------------------------------------------

Clock  Waveform(ns)       Period(ns)      Frequency(MHz)
-----  ------------       ----------      --------------
clk    {0.000 5.000}      10.000          100.000         


------------------------------------------------------------------------------------------------
| Intra Clock Table
| -----------------
------------------------------------------------------------------------------------------------

Clock             WNS(ns)      TNS(ns)  TNS Failing Endpoints  TNS Total Endpoints      WHS(ns)      THS(ns)  THS Failing Endpoints  THS Total Endpoints     WPWS(ns)     TPWS(ns)  TPWS Failing Endpoints  TPWS Total Endpoints  
-----             -------      -------  ---------------------  -------------------      -------      -------  ---------------------  -------------------     --------     --------  ----------------------  --------------------  
clk                 0.948        0.000                      0                 1797        0.098        0.000                      0                 1797        3.950        0.000                       0                   514  


------------------------------------------------------------------------------------------------
| Inter Clock Table
| -----------------
------------------------------------------------------------------------------------------------

From Clock    To Clock          WNS(ns)      TNS(ns)  TNS Failing Endpoints  TNS Total Endpoints      WHS(ns)      THS(ns)  THS Failing Endpoints  THS Total Endpoints  
----------    --------          -------      -------  ---------------------  -------------------      -------      -------  ---------------------  -------------------  


------------------------------------------------------------------------------------------------
| Other Path Groups Table
| -----------------------
------------------------------------------------------------------------------------------------

Path Group         From Clock         To Clock               WNS(ns)      TNS(ns)  TNS Failing Endpoints  TNS Total Endpoints      WHS(ns)      THS(ns)  THS Failing Endpoints  THS Total Endpoints  
----------         ----------         --------               -------      -------  ---------------------  -------------------      -------      -------  ---------------------  -------------------  
**async_default**  clk                clk                      5.726        0.000                      0                  337        0.195        0.000                      0                  337  


------------------------------------------------------------------------------------------------
| User Ignored Path Table
| -----------------------
------------------------------------------------------------------------------------------------

Path Group    From Clock    To Clock    
----------    ----------    --------    


------------------------------------------------------------------------------------------------
| Unconstrained Path Table
| ------------------------
------------------------------------------------------------------------------------------------

Path Group    From Clock    To Clock    
----------    ----------    --------    


------------------------------------------------------------------------------------------------
| Timing Details
| --------------
------------------------------------------------------------------------------------------------


---------------------------------------------------------------------------------------------------
From Clock:  clk
  To Clock:  clk

Setup :            0  Failing Endpoints,  Worst Slack        0.948ns,  Total Violation        0.000ns
Hold  :            0  Failing Endpoints,  Worst Slack        0.098ns,  Total Violation        0.000ns
PW    :            0  Failing Endpoints,  Worst Slack        3.950ns,  Total Violation        0.000ns
---------------------------------------------------------------------------------------------------


Max Delay Paths
--------------------------------------------------------------------------------------
Slack (MET) :             0.948ns  (required time - arrival time)
  Source:                 dp/debug_wb_reg_reg[23]/C
                            (rising edge-triggered cell FDRE clocked by clk  {rise@0.000ns fall@5.000ns period=10.000ns})
  Destination:            debug_wb[23]
                            (output port clocked by clk  {rise@0.000ns fall@5.000ns period=10.000ns})
  Path Group:             clk
  Path Type:              Max at Slow Process Corner
  Requirement:            10.000ns  (clk rise@10.000ns - clk rise@0.000ns)
  Data Path Delay:        4.848ns  (logic 3.546ns (73.133%)  route 1.303ns (26.867%))
  Logic Levels:           1  (OBUF=1)
  Output Delay:           0.000ns
  Clock Path Skew:        -4.168ns (DCD - SCD + CPR)
    Destination Clock Delay (DCD):    0.000ns = ( 10.000 - 10.000 ) 
    Source Clock Delay      (SCD):    4.168ns
    Clock Pessimism Removal (CPR):    0.000ns
  Clock Uncertainty:      0.035ns  ((TSJ^2 + TIJ^2)^1/2 + DJ) / 2 + PE
    Total System Jitter     (TSJ):    0.071ns
    Total Input Jitter      (TIJ):    0.000ns
    Discrete Jitter          (DJ):    0.000ns
    Phase Error              (PE):    0.000ns

    Location             Delay type                Incr(ns)  Path(ns)    Netlist Resource(s)
  -------------------------------------------------------------------    -------------------
                         (clock clk rise edge)        0.000     0.000 r  
    W5                                                0.000     0.000 r  clk (IN)
                         net (fo=0)                   0.000     0.000    clk
    W5                   IBUF (Prop_ibuf_I_O)         1.306     1.306 r  clk_IBUF_inst/O
                         net (fo=1, routed)           1.497     2.804    clk_IBUF
    BUFGCTRL_X0Y0        BUFG (Prop_bufg_I_O)         0.076     2.880 r  clk_IBUF_BUFG_inst/O
                         net (fo=513, routed)         1.289     4.168    dp/clk_IBUF_BUFG
    SLICE_X0Y21          FDRE                                         r  dp/debug_wb_reg_reg[23]/C
  -------------------------------------------------------------------    -------------------
    SLICE_X0Y21          FDRE (Prop_fdre_C_Q)         0.313     4.481 r  dp/debug_wb_reg_reg[23]/Q
                         net (fo=1, routed)           1.303     5.784    debug_wb_OBUF[23]
    N17                  OBUF (Prop_obuf_I_O)         3.233     9.016 r  debug_wb_OBUF[23]_inst/O
                         net (fo=0)                   0.000     9.016    debug_wb[23]
    N17                                                               r  debug_wb[23] (OUT)
  -------------------------------------------------------------------    -------------------

                         (clock clk rise edge)       10.000    10.000 r  
                         clock pessimism              0.000    10.000    
                         clock uncertainty           -0.035     9.965    
                         output delay                -0.000     9.965    
  -------------------------------------------------------------------
                         required time                          9.965    
                         arrival time                          -9.016    
  -------------------------------------------------------------------
                         slack                                  0.948    

Slack (MET) :             0.976ns  (required time - arrival time)
  Source:                 dp/debug_wb_reg_reg[0]/C
                            (rising edge-triggered cell FDRE clocked by clk  {rise@0.000ns fall@5.000ns period=10.000ns})
  Destination:            debug_wb[0]
                            (output port clocked by clk  {rise@0.000ns fall@5.000ns period=10.000ns})
  Path Group:             clk
  Path Type:              Max at Slow Process Corner
  Requirement:            10.000ns  (clk rise@10.000ns - clk rise@0.000ns)
  Data Path Delay:        4.806ns  (logic 3.470ns (72.199%)  route 1.336ns (27.801%))
  Logic Levels:           1  (OBUF=1)
  Output Delay:           0.000ns
  Clock Path Skew:        -4.183ns (DCD - SCD + CPR)
    Destination Clock Delay (DCD):    0.000ns = ( 10.000 - 10.000 ) 
    Source Clock Delay      (SCD):    4.183ns
    Clock Pessimism Removal (CPR):    0.000ns
  Clock Uncertainty:      0.035ns  ((TSJ^2 + TIJ^2)^1/2 + DJ) / 2 + PE
    Total System Jitter     (TSJ):    0.071ns
    Total Input Jitter      (TIJ):    0.000ns
    Discrete Jitter          (DJ):    0.000ns
    Phase Error              (PE):    0.000ns

    Location             Delay type                Incr(ns)  Path(ns)    Netlist Resource(s)
  -------------------------------------------------------------------    -------------------
                         (clock clk rise edge)        0.000     0.000 r  
    W5                                                0.000     0.000 r  clk (IN)
                         net (fo=0)                   0.000     0.000    clk
    W5                   IBUF (Prop_ibuf_I_O)         1.306     1.306 r  clk_IBUF_inst/O
                         net (fo=1, routed)           1.497     2.804    clk_IBUF
    BUFGCTRL_X0Y0        BUFG (Prop_bufg_I_O)         0.076     2.880 r  clk_IBUF_BUFG_inst/O
                         net (fo=513, routed)         1.304     4.183    dp/clk_IBUF_BUFG
    SLICE_X1Y5           FDRE                                         r  dp/debug_wb_reg_reg[0]/C
  -------------------------------------------------------------------    -------------------
    SLICE_X1Y5           FDRE (Prop_fdre_C_Q)         0.341     4.524 r  dp/debug_wb_reg_reg[0]/Q
                         net (fo=1, routed)           1.336     5.860    debug_wb_OBUF[0]
    U14                  OBUF (Prop_obuf_I_O)         3.129     8.989 r  debug_wb_OBUF[0]_inst/O
                         net (fo=0)                   0.000     8.989    debug_wb[0]
    U14                                                               r  debug_wb[0] (OUT)
  -------------------------------------------------------------------    -------------------

                         (clock clk rise edge)       10.000    10.000 r  
                         clock pessimism              0.000    10.000    
                         clock uncertainty           -0.035     9.965    
                         output delay                -0.000     9.965    
  -------------------------------------------------------------------
                         required time                          9.965    
                         arrival time                          -8.989    
  -------------------------------------------------------------------
                         slack                                  0.976    

Slack (MET) :             0.988ns  (required time - arrival time)
  Source:                 dp/debug_wb_reg_reg[30]/C
                            (rising edge-triggered cell FDRE clocked by clk  {rise@0.000ns fall@5.000ns period=10.000ns})
  Destination:            debug_wb[30]
                            (output port clocked by clk  {rise@0.000ns fall@5.000ns period=10.000ns})
  Path Group:             clk
  Path Type:              Max at Slow Process Corner
  Requirement:            10.000ns  (clk rise@10.000ns - clk rise@0.000ns)
  Data Path Delay:        4.810ns  (logic 3.466ns (72.058%)  route 1.344ns (27.942%))
  Logic Levels:           1  (OBUF=1)
  Output Delay:           0.000ns
  Clock Path Skew:        -4.167ns (DCD - SCD + CPR)
    Destination Clock Delay (DCD):    0.000ns = ( 10.000 - 10.000 ) 
    Source Clock Delay      (SCD):    4.167ns
    Clock Pessimism Removal (CPR):    0.000ns
  Clock Uncertainty:      0.035ns  ((TSJ^2 + TIJ^2)^1/2 + DJ) / 2 + PE
    Total System Jitter     (TSJ):    0.071ns
    Total Input Jitter      (TIJ):    0.000ns
    Discrete Jitter          (DJ):    0.000ns
    Phase Error              (PE):    0.000ns

    Location             Delay type                Incr(ns)  Path(ns)    Netlist Resource(s)
  -------------------------------------------------------------------    -------------------
                         (clock clk rise edge)        0.000     0.000 r  
    W5                                                0.000     0.000 r  clk (IN)
                         net (fo=0)                   0.000     0.000    clk
    W5                   IBUF (Prop_ibuf_I_O)         1.306     1.306 r  clk_IBUF_inst/O
                         net (fo=1, routed)           1.497     2.804    clk_IBUF
    BUFGCTRL_X0Y0        BUFG (Prop_bufg_I_O)         0.076     2.880 r  clk_IBUF_BUFG_inst/O
                         net (fo=513, routed)         1.288     4.167    dp/clk_IBUF_BUFG
    SLICE_X0Y27          FDRE                                         r  dp/debug_wb_reg_reg[30]/C
  -------------------------------------------------------------------    -------------------
    SLICE_X0Y27          FDRE (Prop_fdre_C_Q)         0.341     4.508 r  dp/debug_wb_reg_reg[30]/Q
                         net (fo=1, routed)           1.344     5.852    debug_wb_OBUF[30]
    N19                  OBUF (Prop_obuf_I_O)         3.125     8.977 r  debug_wb_OBUF[30]_inst/O
                         net (fo=0)                   0.000     8.977    debug_wb[30]
    N19                                                               r  debug_wb[30] (OUT)
  -------------------------------------------------------------------    -------------------

                         (clock clk rise edge)       10.000    10.000 r  
                         clock pessimism              0.000    10.000    
                         clock uncertainty           -0.035     9.965    
                         output delay                -0.000     9.965    
  -------------------------------------------------------------------
                         required time                          9.965    
                         arrival time                          -8.977    
  -------------------------------------------------------------------
                         slack                                  0.988    

Slack (MET) :             1.003ns  (required time - arrival time)
  Source:                 dp/debug_wb_reg_reg[31]/C
                            (rising edge-triggered cell FDRE clocked by clk  {rise@0.000ns fall@5.000ns period=10.000ns})
  Destination:            debug_wb[31]
                            (output port clocked by clk  {rise@0.000ns fall@5.000ns period=10.000ns})
  Path Group:             clk
  Path Type:              Max at Slow Process Corner
  Requirement:            10.000ns  (clk rise@10.000ns - clk rise@0.000ns)
  Data Path Delay:        4.794ns  (logic 3.459ns (72.144%)  route 1.335ns (27.856%))
  Logic Levels:           1  (OBUF=1)
  Output Delay:           0.000ns
  Clock Path Skew:        -4.167ns (DCD - SCD + CPR)
    Destination Clock Delay (DCD):    0.000ns = ( 10.000 - 10.000 ) 
    Source Clock Delay      (SCD):    4.167ns
    Clock Pessimism Removal (CPR):    0.000ns
  Clock Uncertainty:      0.035ns  ((TSJ^2 + TIJ^2)^1/2 + DJ) / 2 + PE
    Total System Jitter     (TSJ):    0.071ns
    Total Input Jitter      (TIJ):    0.000ns
    Discrete Jitter          (DJ):    0.000ns
    Phase Error              (PE):    0.000ns

    Location             Delay type                Incr(ns)  Path(ns)    Netlist Resource(s)
  -------------------------------------------------------------------    -------------------
                         (clock clk rise edge)        0.000     0.000 r  
    W5                                                0.000     0.000 r  clk (IN)
                         net (fo=0)                   0.000     0.000    clk
    W5                   IBUF (Prop_ibuf_I_O)         1.306     1.306 r  clk_IBUF_inst/O
                         net (fo=1, routed)           1.497     2.804    clk_IBUF
    BUFGCTRL_X0Y0        BUFG (Prop_bufg_I_O)         0.076     2.880 r  clk_IBUF_BUFG_inst/O
                         net (fo=513, routed)         1.288     4.167    dp/clk_IBUF_BUFG
    SLICE_X0Y27          FDRE                                         r  dp/debug_wb_reg_reg[31]/C
  -------------------------------------------------------------------    -------------------
    SLICE_X0Y27          FDRE (Prop_fdre_C_Q)         0.341     4.508 r  dp/debug_wb_reg_reg[31]/Q
                         net (fo=1, routed)           1.335     5.844    debug_wb_OBUF[31]
    N18                  OBUF (Prop_obuf_I_O)         3.118     8.961 r  debug_wb_OBUF[31]_inst/O
                         net (fo=0)                   0.000     8.961    debug_wb[31]
    N18                                                               r  debug_wb[31] (OUT)
  -------------------------------------------------------------------    -------------------

                         (clock clk rise edge)       10.000    10.000 r  
                         clock pessimism              0.000    10.000    
                         clock uncertainty           -0.035     9.965    
                         output delay                -0.000     9.965    
  -------------------------------------------------------------------
                         required time                          9.965    
                         arrival time                          -8.961    
  -------------------------------------------------------------------
                         slack                                  1.003    

Slack (MET) :             1.027ns  (required time - arrival time)
  Source:                 dp/debug_wb_reg_reg[13]/C
                            (rising edge-triggered cell FDRE clocked by clk  {rise@0.000ns fall@5.000ns period=10.000ns})
  Destination:            debug_wb[13]
                            (output port clocked by clk  {rise@0.000ns fall@5.000ns period=10.000ns})
  Path Group:             clk
  Path Type:              Max at Slow Process Corner
  Requirement:            10.000ns  (clk rise@10.000ns - clk rise@0.000ns)
  Data Path Delay:        4.758ns  (logic 3.471ns (72.939%)  route 1.288ns (27.061%))
  Logic Levels:           1  (OBUF=1)
  Output Delay:           0.000ns
  Clock Path Skew:        -4.179ns (DCD - SCD + CPR)
    Destination Clock Delay (DCD):    0.000ns = ( 10.000 - 10.000 ) 
    Source Clock Delay      (SCD):    4.179ns
    Clock Pessimism Removal (CPR):    0.000ns
  Clock Uncertainty:      0.035ns  ((TSJ^2 + TIJ^2)^1/2 + DJ) / 2 + PE
    Total System Jitter     (TSJ):    0.071ns
    Total Input Jitter      (TIJ):    0.000ns
    Discrete Jitter          (DJ):    0.000ns
    Phase Error              (PE):    0.000ns

    Location             Delay type                Incr(ns)  Path(ns)    Netlist Resource(s)
  -------------------------------------------------------------------    -------------------
                         (clock clk rise edge)        0.000     0.000 r  
    W5                                                0.000     0.000 r  clk (IN)
                         net (fo=0)                   0.000     0.000    clk
    W5                   IBUF (Prop_ibuf_I_O)         1.306     1.306 r  clk_IBUF_inst/O
                         net (fo=1, routed)           1.497     2.804    clk_IBUF
    BUFGCTRL_X0Y0        BUFG (Prop_bufg_I_O)         0.076     2.880 r  clk_IBUF_BUFG_inst/O
                         net (fo=513, routed)         1.300     4.179    dp/clk_IBUF_BUFG
    SLICE_X0Y12          FDRE                                         r  dp/debug_wb_reg_reg[13]/C
  -------------------------------------------------------------------    -------------------
    SLICE_X0Y12          FDRE (Prop_fdre_C_Q)         0.341     4.520 r  dp/debug_wb_reg_reg[13]/Q
                         net (fo=1, routed)           1.288     5.808    debug_wb_OBUF[13]
    U17                  OBUF (Prop_obuf_I_O)         3.130     8.937 r  debug_wb_OBUF[13]_inst/O
                         net (fo=0)                   0.000     8.937    debug_wb[13]
    U17                                                               r  debug_wb[13] (OUT)
  -------------------------------------------------------------------    -------------------

                         (clock clk rise edge)       10.000    10.000 r  
                         clock pessimism              0.000    10.000    
                         clock uncertainty           -0.035     9.965    
                         output delay                -0.000     9.965    
  -------------------------------------------------------------------
                         required time                          9.965    
                         arrival time                          -8.937    
  -------------------------------------------------------------------
                         slack                                  1.027    

Slack (MET) :             1.028ns  (required time - arrival time)
  Source:                 dp/debug_wb_reg_reg[29]/C
                            (rising edge-triggered cell FDRE clocked by clk  {rise@0.000ns fall@5.000ns period=10.000ns})
  Destination:            debug_wb[29]
                            (output port clocked by clk  {rise@0.000ns fall@5.000ns period=10.000ns})
  Path Group:             clk
  Path Type:              Max at Slow Process Corner
  Requirement:            10.000ns  (clk rise@10.000ns - clk rise@0.000ns)
  Data Path Delay:        4.769ns  (logic 3.460ns (72.548%)  route 1.309ns (27.452%))
  Logic Levels:           1  (OBUF=1)
  Output Delay:           0.000ns
  Clock Path Skew:        -4.167ns (DCD - SCD + CPR)
    Destination Clock Delay (DCD):    0.000ns = ( 10.000 - 10.000 ) 
    Source Clock Delay      (SCD):    4.167ns
    Clock Pessimism Removal (CPR):    0.000ns
  Clock Uncertainty:      0.035ns  ((TSJ^2 + TIJ^2)^1/2 + DJ) / 2 + PE
    Total System Jitter     (TSJ):    0.071ns
    Total Input Jitter      (TIJ):    0.000ns
    Discrete Jitter          (DJ):    0.000ns
    Phase Error              (PE):    0.000ns

    Location             Delay type                Incr(ns)  Path(ns)    Netlist Resource(s)
  -------------------------------------------------------------------    -------------------
                         (clock clk rise edge)        0.000     0.000 r  
    W5                                                0.000     0.000 r  clk (IN)
                         net (fo=0)                   0.000     0.000    clk
    W5                   IBUF (Prop_ibuf_I_O)         1.306     1.306 r  clk_IBUF_inst/O
                         net (fo=1, routed)           1.497     2.804    clk_IBUF
    BUFGCTRL_X0Y0        BUFG (Prop_bufg_I_O)         0.076     2.880 r  clk_IBUF_BUFG_inst/O
                         net (fo=513, routed)         1.288     4.167    dp/clk_IBUF_BUFG
    SLICE_X0Y27          FDRE                                         r  dp/debug_wb_reg_reg[29]/C
  -------------------------------------------------------------------    -------------------
    SLICE_X0Y27          FDRE (Prop_fdre_C_Q)         0.341     4.508 r  dp/debug_wb_reg_reg[29]/Q
                         net (fo=1, routed)           1.309     5.817    debug_wb_OBUF[29]
    P19                  OBUF (Prop_obuf_I_O)         3.119     8.936 r  debug_wb_OBUF[29]_inst/O
                         net (fo=0)                   0.000     8.936    debug_wb[29]
    P19                                                               r  debug_wb[29] (OUT)
  -------------------------------------------------------------------    -------------------

                         (clock clk rise edge)       10.000    10.000 r  
                         clock pessimism              0.000    10.000    
                         clock uncertainty           -0.035     9.965    
                         output delay                -0.000     9.965    
  -------------------------------------------------------------------
                         required time                          9.965    
                         arrival time                          -8.936    
  -------------------------------------------------------------------
                         slack                                  1.028    

Slack (MET) :             1.029ns  (required time - arrival time)
  Source:                 dp/debug_wb_reg_reg[28]/C
                            (rising edge-triggered cell FDRE clocked by clk  {rise@0.000ns fall@5.000ns period=10.000ns})
  Destination:            debug_wb[28]
                            (output port clocked by clk  {rise@0.000ns fall@5.000ns period=10.000ns})
  Path Group:             clk
  Path Type:              Max at Slow Process Corner
  Requirement:            10.000ns  (clk rise@10.000ns - clk rise@0.000ns)
  Data Path Delay:        4.768ns  (logic 3.467ns (72.706%)  route 1.301ns (27.294%))
  Logic Levels:           1  (OBUF=1)
  Output Delay:           0.000ns
  Clock Path Skew:        -4.167ns (DCD - SCD + CPR)
    Destination Clock Delay (DCD):    0.000ns = ( 10.000 - 10.000 ) 
    Source Clock Delay      (SCD):    4.167ns
    Clock Pessimism Removal (CPR):    0.000ns
  Clock Uncertainty:      0.035ns  ((TSJ^2 + TIJ^2)^1/2 + DJ) / 2 + PE
    Total System Jitter     (TSJ):    0.071ns
    Total Input Jitter      (TIJ):    0.000ns
    Discrete Jitter          (DJ):    0.000ns
    Phase Error              (PE):    0.000ns

    Location             Delay type                Incr(ns)  Path(ns)    Netlist Resource(s)
  -------------------------------------------------------------------    -------------------
                         (clock clk rise edge)        0.000     0.000 r  
    W5                                                0.000     0.000 r  clk (IN)
                         net (fo=0)                   0.000     0.000    clk
    W5                   IBUF (Prop_ibuf_I_O)         1.306     1.306 r  clk_IBUF_inst/O
                         net (fo=1, routed)           1.497     2.804    clk_IBUF
    BUFGCTRL_X0Y0        BUFG (Prop_bufg_I_O)         0.076     2.880 r  clk_IBUF_BUFG_inst/O
                         net (fo=513, routed)         1.288     4.167    dp/clk_IBUF_BUFG
    SLICE_X0Y27          FDRE                                         r  dp/debug_wb_reg_reg[28]/C
  -------------------------------------------------------------------    -------------------
    SLICE_X0Y27          FDRE (Prop_fdre_C_Q)         0.341     4.508 r  dp/debug_wb_reg_reg[28]/Q
                         net (fo=1, routed)           1.301     5.809    debug_wb_OBUF[28]
    R19                  OBUF (Prop_obuf_I_O)         3.126     8.935 r  debug_wb_OBUF[28]_inst/O
                         net (fo=0)                   0.000     8.935    debug_wb[28]
    R19                                                               r  debug_wb[28] (OUT)
  -------------------------------------------------------------------    -------------------

                         (clock clk rise edge)       10.000    10.000 r  
                         clock pessimism              0.000    10.000    
                         clock uncertainty           -0.035     9.965    
                         output delay                -0.000     9.965    
  -------------------------------------------------------------------
                         required time                          9.965    
                         arrival time                          -8.935    
  -------------------------------------------------------------------
                         slack                                  1.029    

Slack (MET) :             1.032ns  (required time - arrival time)
  Source:                 dp/debug_wb_reg_reg[18]/C
                            (rising edge-triggered cell FDRE clocked by clk  {rise@0.000ns fall@5.000ns period=10.000ns})
  Destination:            debug_wb[18]
                            (output port clocked by clk  {rise@0.000ns fall@5.000ns period=10.000ns})
  Path Group:             clk
  Path Type:              Max at Slow Process Corner
  Requirement:            10.000ns  (clk rise@10.000ns - clk rise@0.000ns)
  Data Path Delay:        4.760ns  (logic 3.472ns (72.949%)  route 1.288ns (27.051%))
  Logic Levels:           1  (OBUF=1)
  Output Delay:           0.000ns
  Clock Path Skew:        -4.173ns (DCD - SCD + CPR)
    Destination Clock Delay (DCD):    0.000ns = ( 10.000 - 10.000 ) 
    Source Clock Delay      (SCD):    4.173ns
    Clock Pessimism Removal (CPR):    0.000ns
  Clock Uncertainty:      0.035ns  ((TSJ^2 + TIJ^2)^1/2 + DJ) / 2 + PE
    Total System Jitter     (TSJ):    0.071ns
    Total Input Jitter      (TIJ):    0.000ns
    Discrete Jitter          (DJ):    0.000ns
    Phase Error              (PE):    0.000ns

    Location             Delay type                Incr(ns)  Path(ns)    Netlist Resource(s)
  -------------------------------------------------------------------    -------------------
                         (clock clk rise edge)        0.000     0.000 r  
    W5                                                0.000     0.000 r  clk (IN)
                         net (fo=0)                   0.000     0.000    clk
    W5                   IBUF (Prop_ibuf_I_O)         1.306     1.306 r  clk_IBUF_inst/O
                         net (fo=1, routed)           1.497     2.804    clk_IBUF
    BUFGCTRL_X0Y0        BUFG (Prop_bufg_I_O)         0.076     2.880 r  clk_IBUF_BUFG_inst/O
                         net (fo=513, routed)         1.294     4.173    dp/clk_IBUF_BUFG
    SLICE_X0Y17          FDRE                                         r  dp/debug_wb_reg_reg[18]/C
  -------------------------------------------------------------------    -------------------
    SLICE_X0Y17          FDRE (Prop_fdre_C_Q)         0.341     4.514 r  dp/debug_wb_reg_reg[18]/Q
                         net (fo=1, routed)           1.288     5.802    debug_wb_OBUF[18]
    V19                  OBUF (Prop_obuf_I_O)         3.131     8.933 r  debug_wb_OBUF[18]_inst/O
                         net (fo=0)                   0.000     8.933    debug_wb[18]
    V19                                                               r  debug_wb[18] (OUT)
  -------------------------------------------------------------------    -------------------

                         (clock clk rise edge)       10.000    10.000 r  
                         clock pessimism              0.000    10.000    
                         clock uncertainty           -0.035     9.965    
                         output delay                -0.000     9.965    
  -------------------------------------------------------------------
                         required time                          9.965    
                         arrival time                          -8.933    
  -------------------------------------------------------------------
                         slack                                  1.032    

Slack (MET) :             1.036ns  (required time - arrival time)
  Source:                 dp/debug_wb_reg_reg[22]/C
                            (rising edge-triggered cell FDRE clocked by clk  {rise@0.000ns fall@5.000ns period=10.000ns})
  Destination:            debug_wb[22]
                            (output port clocked by clk  {rise@0.000ns fall@5.000ns period=10.000ns})
  Path Group:             clk
  Path Type:              Max at Slow Process Corner
  Requirement:            10.000ns  (clk rise@10.000ns - clk rise@0.000ns)
  Data Path Delay:        4.760ns  (logic 3.460ns (72.687%)  route 1.300ns (27.313%))
  Logic Levels:           1  (OBUF=1)
  Output Delay:           0.000ns
  Clock Path Skew:        -4.168ns (DCD - SCD + CPR)
    Destination Clock Delay (DCD):    0.000ns = ( 10.000 - 10.000 ) 
    Source Clock Delay      (SCD):    4.168ns
    Clock Pessimism Removal (CPR):    0.000ns
  Clock Uncertainty:      0.035ns  ((TSJ^2 + TIJ^2)^1/2 + DJ) / 2 + PE
    Total System Jitter     (TSJ):    0.071ns
    Total Input Jitter      (TIJ):    0.000ns
    Discrete Jitter          (DJ):    0.000ns
    Phase Error              (PE):    0.000ns

    Location             Delay type                Incr(ns)  Path(ns)    Netlist Resource(s)
  -------------------------------------------------------------------    -------------------
                         (clock clk rise edge)        0.000     0.000 r  
    W5                                                0.000     0.000 r  clk (IN)
                         net (fo=0)                   0.000     0.000    clk
    W5                   IBUF (Prop_ibuf_I_O)         1.306     1.306 r  clk_IBUF_inst/O
                         net (fo=1, routed)           1.497     2.804    clk_IBUF
    BUFGCTRL_X0Y0        BUFG (Prop_bufg_I_O)         0.076     2.880 r  clk_IBUF_BUFG_inst/O
                         net (fo=513, routed)         1.289     4.168    dp/clk_IBUF_BUFG
    SLICE_X0Y21          FDRE                                         r  dp/debug_wb_reg_reg[22]/C
  -------------------------------------------------------------------    -------------------
    SLICE_X0Y21          FDRE (Prop_fdre_C_Q)         0.341     4.509 r  dp/debug_wb_reg_reg[22]/Q
                         net (fo=1, routed)           1.300     5.809    debug_wb_OBUF[22]
    P17                  OBUF (Prop_obuf_I_O)         3.119     8.928 r  debug_wb_OBUF[22]_inst/O
                         net (fo=0)                   0.000     8.928    debug_wb[22]
    P17                                                               r  debug_wb[22] (OUT)
  -------------------------------------------------------------------    -------------------

                         (clock clk rise edge)       10.000    10.000 r  
                         clock pessimism              0.000    10.000    
                         clock uncertainty           -0.035     9.965    
                         output delay                -0.000     9.965    
  -------------------------------------------------------------------
                         required time                          9.965    
                         arrival time                          -8.928    
  -------------------------------------------------------------------
                         slack                                  1.036    

Slack (MET) :             1.090ns  (required time - arrival time)
  Source:                 dp/debug_wb_reg_reg[4]/C
                            (rising edge-triggered cell FDRE clocked by clk  {rise@0.000ns fall@5.000ns period=10.000ns})
  Destination:            debug_wb[4]
                            (output port clocked by clk  {rise@0.000ns fall@5.000ns period=10.000ns})
  Path Group:             clk
  Path Type:              Max at Slow Process Corner
  Requirement:            10.000ns  (clk rise@10.000ns - clk rise@0.000ns)
  Data Path Delay:        4.692ns  (logic 3.478ns (74.128%)  route 1.214ns (25.872%))
  Logic Levels:           1  (OBUF=1)
  Output Delay:           0.000ns
  Clock Path Skew:        -4.183ns (DCD - SCD + CPR)
    Destination Clock Delay (DCD):    0.000ns = ( 10.000 - 10.000 ) 
    Source Clock Delay      (SCD):    4.183ns
    Clock Pessimism Removal (CPR):    0.000ns
  Clock Uncertainty:      0.035ns  ((TSJ^2 + TIJ^2)^1/2 + DJ) / 2 + PE
    Total System Jitter     (TSJ):    0.071ns
    Total Input Jitter      (TIJ):    0.000ns
    Discrete Jitter          (DJ):    0.000ns
    Phase Error              (PE):    0.000ns

    Location             Delay type                Incr(ns)  Path(ns)    Netlist Resource(s)
  -------------------------------------------------------------------    -------------------
                         (clock clk rise edge)        0.000     0.000 r  
    W5                                                0.000     0.000 r  clk (IN)
                         net (fo=0)                   0.000     0.000    clk
    W5                   IBUF (Prop_ibuf_I_O)         1.306     1.306 r  clk_IBUF_inst/O
                         net (fo=1, routed)           1.497     2.804    clk_IBUF
    BUFGCTRL_X0Y0        BUFG (Prop_bufg_I_O)         0.076     2.880 r  clk_IBUF_BUFG_inst/O
                         net (fo=513, routed)         1.304     4.183    dp/clk_IBUF_BUFG
    SLICE_X0Y5           FDRE                                         r  dp/debug_wb_reg_reg[4]/C
  -------------------------------------------------------------------    -------------------
    SLICE_X0Y5           FDRE (Prop_fdre_C_Q)         0.341     4.524 r  dp/debug_wb_reg_reg[4]/Q
                         net (fo=1, routed)           1.214     5.738    debug_wb_OBUF[4]
    U15                  OBUF (Prop_obuf_I_O)         3.137     8.875 r  debug_wb_OBUF[4]_inst/O
                         net (fo=0)                   0.000     8.875    debug_wb[4]
    U15                                                               r  debug_wb[4] (OUT)
  -------------------------------------------------------------------    -------------------

                         (clock clk rise edge)       10.000    10.000 r  
                         clock pessimism              0.000    10.000    
                         clock uncertainty           -0.035     9.965    
                         output delay                -0.000     9.965    
  -------------------------------------------------------------------
                         required time                          9.965    
                         arrival time                          -8.875    
  -------------------------------------------------------------------
                         slack                                  1.090    





Min Delay Paths
--------------------------------------------------------------------------------------
Slack (MET) :             0.098ns  (arrival time - required time)
  Source:                 dp/ex_mem_reg/MEM_alu_result_reg[2]/C
                            (rising edge-triggered cell FDCE clocked by clk  {rise@0.000ns fall@5.000ns period=10.000ns})
  Destination:            dp/dmem_inst/mem_reg_0_255_12_12/RAMS64E_A/ADR0
                            (rising edge-triggered cell RAMS64E clocked by clk  {rise@0.000ns fall@5.000ns period=10.000ns})
  Path Group:             clk
  Path Type:              Hold (Min at Fast Process Corner)
  Requirement:            0.000ns  (clk rise@0.000ns - clk rise@0.000ns)
  Data Path Delay:        0.424ns  (logic 0.141ns (33.262%)  route 0.283ns (66.737%))
  Logic Levels:           0  
  Clock Path Skew:        0.016ns (DCD - SCD - CPR)
    Destination Clock Delay (DCD):    1.989ns
    Source Clock Delay      (SCD):    1.474ns
    Clock Pessimism Removal (CPR):    0.499ns

    Location             Delay type                Incr(ns)  Path(ns)    Netlist Resource(s)
  -------------------------------------------------------------------    -------------------
                         (clock clk rise edge)        0.000     0.000 r  
    W5                                                0.000     0.000 r  clk (IN)
                         net (fo=0)                   0.000     0.000    clk
    W5                   IBUF (Prop_ibuf_I_O)         0.226     0.226 r  clk_IBUF_inst/O
                         net (fo=1, routed)           0.631     0.858    clk_IBUF
    BUFGCTRL_X0Y0        BUFG (Prop_bufg_I_O)         0.026     0.884 r  clk_IBUF_BUFG_inst/O
                         net (fo=513, routed)         0.591     1.474    dp/ex_mem_reg/clk_IBUF_BUFG
    SLICE_X5Y11          FDCE                                         r  dp/ex_mem_reg/MEM_alu_result_reg[2]/C
  -------------------------------------------------------------------    -------------------
    SLICE_X5Y11          FDCE (Prop_fdce_C_Q)         0.141     1.615 r  dp/ex_mem_reg/MEM_alu_result_reg[2]/Q
                         net (fo=132, routed)         0.283     1.898    dp/dmem_inst/mem_reg_0_255_12_12/A0
    SLICE_X6Y11          RAMS64E                                      r  dp/dmem_inst/mem_reg_0_255_12_12/RAMS64E_A/ADR0
  -------------------------------------------------------------------    -------------------

                         (clock clk rise edge)        0.000     0.000 r  
    W5                                                0.000     0.000 r  clk (IN)
                         net (fo=0)                   0.000     0.000    clk
    W5                   IBUF (Prop_ibuf_I_O)         0.414     0.414 r  clk_IBUF_inst/O
                         net (fo=1, routed)           0.685     1.099    clk_IBUF
    BUFGCTRL_X0Y0        BUFG (Prop_bufg_I_O)         0.029     1.128 r  clk_IBUF_BUFG_inst/O
                         net (fo=513, routed)         0.862     1.989    dp/dmem_inst/mem_reg_0_255_12_12/WCLK
    SLICE_X6Y11          RAMS64E                                      r  dp/dmem_inst/mem_reg_0_255_12_12/RAMS64E_A/CLK
                         clock pessimism             -0.499     1.490    
    SLICE_X6Y11          RAMS64E (Hold_rams64e_CLK_ADR0)
                                                      0.310     1.800    dp/dmem_inst/mem_reg_0_255_12_12/RAMS64E_A
  -------------------------------------------------------------------
                         required time                         -1.800    
                         arrival time                           1.898    
  -------------------------------------------------------------------
                         slack                                  0.098    

Slack (MET) :             0.098ns  (arrival time - required time)
  Source:                 dp/ex_mem_reg/MEM_alu_result_reg[2]/C
                            (rising edge-triggered cell FDCE clocked by clk  {rise@0.000ns fall@5.000ns period=10.000ns})
  Destination:            dp/dmem_inst/mem_reg_0_255_12_12/RAMS64E_B/ADR0
                            (rising edge-triggered cell RAMS64E clocked by clk  {rise@0.000ns fall@5.000ns period=10.000ns})
  Path Group:             clk
  Path Type:              Hold (Min at Fast Process Corner)
  Requirement:            0.000ns  (clk rise@0.000ns - clk rise@0.000ns)
  Data Path Delay:        0.424ns  (logic 0.141ns (33.262%)  route 0.283ns (66.737%))
  Logic Levels:           0  
  Clock Path Skew:        0.016ns (DCD - SCD - CPR)
    Destination Clock Delay (DCD):    1.989ns
    Source Clock Delay      (SCD):    1.474ns
    Clock Pessimism Removal (CPR):    0.499ns

    Location             Delay type                Incr(ns)  Path(ns)    Netlist Resource(s)
  -------------------------------------------------------------------    -------------------
                         (clock clk rise edge)        0.000     0.000 r  
    W5                                                0.000     0.000 r  clk (IN)
                         net (fo=0)                   0.000     0.000    clk
    W5                   IBUF (Prop_ibuf_I_O)         0.226     0.226 r  clk_IBUF_inst/O
                         net (fo=1, routed)           0.631     0.858    clk_IBUF
    BUFGCTRL_X0Y0        BUFG (Prop_bufg_I_O)         0.026     0.884 r  clk_IBUF_BUFG_inst/O
                         net (fo=513, routed)         0.591     1.474    dp/ex_mem_reg/clk_IBUF_BUFG
    SLICE_X5Y11          FDCE                                         r  dp/ex_mem_reg/MEM_alu_result_reg[2]/C
  -------------------------------------------------------------------    -------------------
    SLICE_X5Y11          FDCE (Prop_fdce_C_Q)         0.141     1.615 r  dp/ex_mem_reg/MEM_alu_result_reg[2]/Q
                         net (fo=132, routed)         0.283     1.898    dp/dmem_inst/mem_reg_0_255_12_12/A0
    SLICE_X6Y11          RAMS64E                                      r  dp/dmem_inst/mem_reg_0_255_12_12/RAMS64E_B/ADR0
  -------------------------------------------------------------------    -------------------

                         (clock clk rise edge)        0.000     0.000 r  
    W5                                                0.000     0.000 r  clk (IN)
                         net (fo=0)                   0.000     0.000    clk
    W5                   IBUF (Prop_ibuf_I_O)         0.414     0.414 r  clk_IBUF_inst/O
                         net (fo=1, routed)           0.685     1.099    clk_IBUF
    BUFGCTRL_X0Y0        BUFG (Prop_bufg_I_O)         0.029     1.128 r  clk_IBUF_BUFG_inst/O
                         net (fo=513, routed)         0.862     1.989    dp/dmem_inst/mem_reg_0_255_12_12/WCLK
    SLICE_X6Y11          RAMS64E                                      r  dp/dmem_inst/mem_reg_0_255_12_12/RAMS64E_B/CLK
                         clock pessimism             -0.499     1.490    
    SLICE_X6Y11          RAMS64E (Hold_rams64e_CLK_ADR0)
                                                      0.310     1.800    dp/dmem_inst/mem_reg_0_255_12_12/RAMS64E_B
  -------------------------------------------------------------------
                         required time                         -1.800    
                         arrival time                           1.898    
  -------------------------------------------------------------------
                         slack                                  0.098    

Slack (MET) :             0.098ns  (arrival time - required time)
  Source:                 dp/ex_mem_reg/MEM_alu_result_reg[2]/C
                            (rising edge-triggered cell FDCE clocked by clk  {rise@0.000ns fall@5.000ns period=10.000ns})
  Destination:            dp/dmem_inst/mem_reg_0_255_12_12/RAMS64E_C/ADR0
                            (rising edge-triggered cell RAMS64E clocked by clk  {rise@0.000ns fall@5.000ns period=10.000ns})
  Path Group:             clk
  Path Type:              Hold (Min at Fast Process Corner)
  Requirement:            0.000ns  (clk rise@0.000ns - clk rise@0.000ns)
  Data Path Delay:        0.424ns  (logic 0.141ns (33.262%)  route 0.283ns (66.737%))
  Logic Levels:           0  
  Clock Path Skew:        0.016ns (DCD - SCD - CPR)
    Destination Clock Delay (DCD):    1.989ns
    Source Clock Delay      (SCD):    1.474ns
    Clock Pessimism Removal (CPR):    0.499ns

    Location             Delay type                Incr(ns)  Path(ns)    Netlist Resource(s)
  -------------------------------------------------------------------    -------------------
                         (clock clk rise edge)        0.000     0.000 r  
    W5                                                0.000     0.000 r  clk (IN)
                         net (fo=0)                   0.000     0.000    clk
    W5                   IBUF (Prop_ibuf_I_O)         0.226     0.226 r  clk_IBUF_inst/O
                         net (fo=1, routed)           0.631     0.858    clk_IBUF
    BUFGCTRL_X0Y0        BUFG (Prop_bufg_I_O)         0.026     0.884 r  clk_IBUF_BUFG_inst/O
                         net (fo=513, routed)         0.591     1.474    dp/ex_mem_reg/clk_IBUF_BUFG
    SLICE_X5Y11          FDCE                                         r  dp/ex_mem_reg/MEM_alu_result_reg[2]/C
  -------------------------------------------------------------------    -------------------
    SLICE_X5Y11          FDCE (Prop_fdce_C_Q)         0.141     1.615 r  dp/ex_mem_reg/MEM_alu_result_reg[2]/Q
                         net (fo=132, routed)         0.283     1.898    dp/dmem_inst/mem_reg_0_255_12_12/A0
    SLICE_X6Y11          RAMS64E                                      r  dp/dmem_inst/mem_reg_0_255_12_12/RAMS64E_C/ADR0
  -------------------------------------------------------------------    -------------------

                         (clock clk rise edge)        0.000     0.000 r  
    W5                                                0.000     0.000 r  clk (IN)
                         net (fo=0)                   0.000     0.000    clk
    W5                   IBUF (Prop_ibuf_I_O)         0.414     0.414 r  clk_IBUF_inst/O
                         net (fo=1, routed)           0.685     1.099    clk_IBUF
    BUFGCTRL_X0Y0        BUFG (Prop_bufg_I_O)         0.029     1.128 r  clk_IBUF_BUFG_inst/O
                         net (fo=513, routed)         0.862     1.989    dp/dmem_inst/mem_reg_0_255_12_12/WCLK
    SLICE_X6Y11          RAMS64E                                      r  dp/dmem_inst/mem_reg_0_255_12_12/RAMS64E_C/CLK
                         clock pessimism             -0.499     1.490    
    SLICE_X6Y11          RAMS64E (Hold_rams64e_CLK_ADR0)
                                                      0.310     1.800    dp/dmem_inst/mem_reg_0_255_12_12/RAMS64E_C
  -------------------------------------------------------------------
                         required time                         -1.800    
                         arrival time                           1.898    
  -------------------------------------------------------------------
                         slack                                  0.098    

Slack (MET) :             0.098ns  (arrival time - required time)
  Source:                 dp/ex_mem_reg/MEM_alu_result_reg[2]/C
                            (rising edge-triggered cell FDCE clocked by clk  {rise@0.000ns fall@5.000ns period=10.000ns})
  Destination:            dp/dmem_inst/mem_reg_0_255_12_12/RAMS64E_D/ADR0
                            (rising edge-triggered cell RAMS64E clocked by clk  {rise@0.000ns fall@5.000ns period=10.000ns})
  Path Group:             clk
  Path Type:              Hold (Min at Fast Process Corner)
  Requirement:            0.000ns  (clk rise@0.000ns - clk rise@0.000ns)
  Data Path Delay:        0.424ns  (logic 0.141ns (33.262%)  route 0.283ns (66.737%))
  Logic Levels:           0  
  Clock Path Skew:        0.016ns (DCD - SCD - CPR)
    Destination Clock Delay (DCD):    1.989ns
    Source Clock Delay      (SCD):    1.474ns
    Clock Pessimism Removal (CPR):    0.499ns

    Location             Delay type                Incr(ns)  Path(ns)    Netlist Resource(s)
  -------------------------------------------------------------------    -------------------
                         (clock clk rise edge)        0.000     0.000 r  
    W5                                                0.000     0.000 r  clk (IN)
                         net (fo=0)                   0.000     0.000    clk
    W5                   IBUF (Prop_ibuf_I_O)         0.226     0.226 r  clk_IBUF_inst/O
                         net (fo=1, routed)           0.631     0.858    clk_IBUF
    BUFGCTRL_X0Y0        BUFG (Prop_bufg_I_O)         0.026     0.884 r  clk_IBUF_BUFG_inst/O
                         net (fo=513, routed)         0.591     1.474    dp/ex_mem_reg/clk_IBUF_BUFG
    SLICE_X5Y11          FDCE                                         r  dp/ex_mem_reg/MEM_alu_result_reg[2]/C
  -------------------------------------------------------------------    -------------------
    SLICE_X5Y11          FDCE (Prop_fdce_C_Q)         0.141     1.615 r  dp/ex_mem_reg/MEM_alu_result_reg[2]/Q
                         net (fo=132, routed)         0.283     1.898    dp/dmem_inst/mem_reg_0_255_12_12/A0
    SLICE_X6Y11          RAMS64E                                      r  dp/dmem_inst/mem_reg_0_255_12_12/RAMS64E_D/ADR0
  -------------------------------------------------------------------    -------------------

                         (clock clk rise edge)        0.000     0.000 r  
    W5                                                0.000     0.000 r  clk (IN)
                         net (fo=0)                   0.000     0.000    clk
    W5                   IBUF (Prop_ibuf_I_O)         0.414     0.414 r  clk_IBUF_inst/O
                         net (fo=1, routed)           0.685     1.099    clk_IBUF
    BUFGCTRL_X0Y0        BUFG (Prop_bufg_I_O)         0.029     1.128 r  clk_IBUF_BUFG_inst/O
                         net (fo=513, routed)         0.862     1.989    dp/dmem_inst/mem_reg_0_255_12_12/WCLK
    SLICE_X6Y11          RAMS64E                                      r  dp/dmem_inst/mem_reg_0_255_12_12/RAMS64E_D/CLK
                         clock pessimism             -0.499     1.490    
    SLICE_X6Y11          RAMS64E (Hold_rams64e_CLK_ADR0)
                                                      0.310     1.800    dp/dmem_inst/mem_reg_0_255_12_12/RAMS64E_D
  -------------------------------------------------------------------
                         required time                         -1.800    
                         arrival time                           1.898    
  -------------------------------------------------------------------
                         slack                                  0.098    

Slack (MET) :             0.118ns  (arrival time - required time)
  Source:                 dp/ex_mem_reg/MEM_alu_result_reg[9]/C
                            (rising edge-triggered cell FDCE clocked by clk  {rise@0.000ns fall@5.000ns period=10.000ns})
  Destination:            dp/dmem_inst/mem_reg_0_255_14_14/RAMS64E_A/WADR7
                            (rising edge-triggered cell RAMS64E clocked by clk  {rise@0.000ns fall@5.000ns period=10.000ns})
  Path Group:             clk
  Path Type:              Hold (Min at Fast Process Corner)
  Requirement:            0.000ns  (clk rise@0.000ns - clk rise@0.000ns)
  Data Path Delay:        0.279ns  (logic 0.141ns (50.594%)  route 0.138ns (49.406%))
  Logic Levels:           0  
  Clock Path Skew:        0.037ns (DCD - SCD - CPR)
    Destination Clock Delay (DCD):    1.988ns
    Source Clock Delay      (SCD):    1.473ns
    Clock Pessimism Removal (CPR):    0.478ns

    Location             Delay type                Incr(ns)  Path(ns)    Netlist Resource(s)
  -------------------------------------------------------------------    -------------------
                         (clock clk rise edge)        0.000     0.000 r  
    W5                                                0.000     0.000 r  clk (IN)
                         net (fo=0)                   0.000     0.000    clk
    W5                   IBUF (Prop_ibuf_I_O)         0.226     0.226 r  clk_IBUF_inst/O
                         net (fo=1, routed)           0.631     0.858    clk_IBUF
    BUFGCTRL_X0Y0        BUFG (Prop_bufg_I_O)         0.026     0.884 r  clk_IBUF_BUFG_inst/O
                         net (fo=513, routed)         0.590     1.473    dp/ex_mem_reg/clk_IBUF_BUFG
    SLICE_X5Y12          FDCE                                         r  dp/ex_mem_reg/MEM_alu_result_reg[9]/C
  -------------------------------------------------------------------    -------------------
    SLICE_X5Y12          FDCE (Prop_fdce_C_Q)         0.141     1.614 r  dp/ex_mem_reg/MEM_alu_result_reg[9]/Q
                         net (fo=164, routed)         0.138     1.752    dp/dmem_inst/mem_reg_0_255_14_14/A7
    SLICE_X2Y13          RAMS64E                                      r  dp/dmem_inst/mem_reg_0_255_14_14/RAMS64E_A/WADR7
  -------------------------------------------------------------------    -------------------

                         (clock clk rise edge)        0.000     0.000 r  
    W5                                                0.000     0.000 r  clk (IN)
                         net (fo=0)                   0.000     0.000    clk
    W5                   IBUF (Prop_ibuf_I_O)         0.414     0.414 r  clk_IBUF_inst/O
                         net (fo=1, routed)           0.685     1.099    clk_IBUF
    BUFGCTRL_X0Y0        BUFG (Prop_bufg_I_O)         0.029     1.128 r  clk_IBUF_BUFG_inst/O
                         net (fo=513, routed)         0.861     1.988    dp/dmem_inst/mem_reg_0_255_14_14/WCLK
    SLICE_X2Y13          RAMS64E                                      r  dp/dmem_inst/mem_reg_0_255_14_14/RAMS64E_A/CLK
                         clock pessimism             -0.478     1.510    
    SLICE_X2Y13          RAMS64E (Hold_rams64e_CLK_WADR7)
                                                      0.124     1.634    dp/dmem_inst/mem_reg_0_255_14_14/RAMS64E_A
  -------------------------------------------------------------------
                         required time                         -1.634    
                         arrival time                           1.752    
  -------------------------------------------------------------------
                         slack                                  0.118    

Slack (MET) :             0.118ns  (arrival time - required time)
  Source:                 dp/ex_mem_reg/MEM_alu_result_reg[9]/C
                            (rising edge-triggered cell FDCE clocked by clk  {rise@0.000ns fall@5.000ns period=10.000ns})
  Destination:            dp/dmem_inst/mem_reg_0_255_14_14/RAMS64E_B/WADR7
                            (rising edge-triggered cell RAMS64E clocked by clk  {rise@0.000ns fall@5.000ns period=10.000ns})
  Path Group:             clk
  Path Type:              Hold (Min at Fast Process Corner)
  Requirement:            0.000ns  (clk rise@0.000ns - clk rise@0.000ns)
  Data Path Delay:        0.279ns  (logic 0.141ns (50.594%)  route 0.138ns (49.406%))
  Logic Levels:           0  
  Clock Path Skew:        0.037ns (DCD - SCD - CPR)
    Destination Clock Delay (DCD):    1.988ns
    Source Clock Delay      (SCD):    1.473ns
    Clock Pessimism Removal (CPR):    0.478ns

    Location             Delay type                Incr(ns)  Path(ns)    Netlist Resource(s)
  -------------------------------------------------------------------    -------------------
                         (clock clk rise edge)        0.000     0.000 r  
    W5                                                0.000     0.000 r  clk (IN)
                         net (fo=0)                   0.000     0.000    clk
    W5                   IBUF (Prop_ibuf_I_O)         0.226     0.226 r  clk_IBUF_inst/O
                         net (fo=1, routed)           0.631     0.858    clk_IBUF
    BUFGCTRL_X0Y0        BUFG (Prop_bufg_I_O)         0.026     0.884 r  clk_IBUF_BUFG_inst/O
                         net (fo=513, routed)         0.590     1.473    dp/ex_mem_reg/clk_IBUF_BUFG
    SLICE_X5Y12          FDCE                                         r  dp/ex_mem_reg/MEM_alu_result_reg[9]/C
  -------------------------------------------------------------------    -------------------
    SLICE_X5Y12          FDCE (Prop_fdce_C_Q)         0.141     1.614 r  dp/ex_mem_reg/MEM_alu_result_reg[9]/Q
                         net (fo=164, routed)         0.138     1.752    dp/dmem_inst/mem_reg_0_255_14_14/A7
    SLICE_X2Y13          RAMS64E                                      r  dp/dmem_inst/mem_reg_0_255_14_14/RAMS64E_B/WADR7
  -------------------------------------------------------------------    -------------------

                         (clock clk rise edge)        0.000     0.000 r  
    W5                                                0.000     0.000 r  clk (IN)
                         net (fo=0)                   0.000     0.000    clk
    W5                   IBUF (Prop_ibuf_I_O)         0.414     0.414 r  clk_IBUF_inst/O
                         net (fo=1, routed)           0.685     1.099    clk_IBUF
    BUFGCTRL_X0Y0        BUFG (Prop_bufg_I_O)         0.029     1.128 r  clk_IBUF_BUFG_inst/O
                         net (fo=513, routed)         0.861     1.988    dp/dmem_inst/mem_reg_0_255_14_14/WCLK
    SLICE_X2Y13          RAMS64E                                      r  dp/dmem_inst/mem_reg_0_255_14_14/RAMS64E_B/CLK
                         clock pessimism             -0.478     1.510    
    SLICE_X2Y13          RAMS64E (Hold_rams64e_CLK_WADR7)
                                                      0.124     1.634    dp/dmem_inst/mem_reg_0_255_14_14/RAMS64E_B
  -------------------------------------------------------------------
                         required time                         -1.634    
                         arrival time                           1.752    
  -------------------------------------------------------------------
                         slack                                  0.118    

Slack (MET) :             0.118ns  (arrival time - required time)
  Source:                 dp/ex_mem_reg/MEM_alu_result_reg[9]/C
                            (rising edge-triggered cell FDCE clocked by clk  {rise@0.000ns fall@5.000ns period=10.000ns})
  Destination:            dp/dmem_inst/mem_reg_0_255_14_14/RAMS64E_C/WADR7
                            (rising edge-triggered cell RAMS64E clocked by clk  {rise@0.000ns fall@5.000ns period=10.000ns})
  Path Group:             clk
  Path Type:              Hold (Min at Fast Process Corner)
  Requirement:            0.000ns  (clk rise@0.000ns - clk rise@0.000ns)
  Data Path Delay:        0.279ns  (logic 0.141ns (50.594%)  route 0.138ns (49.406%))
  Logic Levels:           0  
  Clock Path Skew:        0.037ns (DCD - SCD - CPR)
    Destination Clock Delay (DCD):    1.988ns
    Source Clock Delay      (SCD):    1.473ns
    Clock Pessimism Removal (CPR):    0.478ns

    Location             Delay type                Incr(ns)  Path(ns)    Netlist Resource(s)
  -------------------------------------------------------------------    -------------------
                         (clock clk rise edge)        0.000     0.000 r  
    W5                                                0.000     0.000 r  clk (IN)
                         net (fo=0)                   0.000     0.000    clk
    W5                   IBUF (Prop_ibuf_I_O)         0.226     0.226 r  clk_IBUF_inst/O
                         net (fo=1, routed)           0.631     0.858    clk_IBUF
    BUFGCTRL_X0Y0        BUFG (Prop_bufg_I_O)         0.026     0.884 r  clk_IBUF_BUFG_inst/O
                         net (fo=513, routed)         0.590     1.473    dp/ex_mem_reg/clk_IBUF_BUFG
    SLICE_X5Y12          FDCE                                         r  dp/ex_mem_reg/MEM_alu_result_reg[9]/C
  -------------------------------------------------------------------    -------------------
    SLICE_X5Y12          FDCE (Prop_fdce_C_Q)         0.141     1.614 r  dp/ex_mem_reg/MEM_alu_result_reg[9]/Q
                         net (fo=164, routed)         0.138     1.752    dp/dmem_inst/mem_reg_0_255_14_14/A7
    SLICE_X2Y13          RAMS64E                                      r  dp/dmem_inst/mem_reg_0_255_14_14/RAMS64E_C/WADR7
  -------------------------------------------------------------------    -------------------

                         (clock clk rise edge)        0.000     0.000 r  
    W5                                                0.000     0.000 r  clk (IN)
                         net (fo=0)                   0.000     0.000    clk
    W5                   IBUF (Prop_ibuf_I_O)         0.414     0.414 r  clk_IBUF_inst/O
                         net (fo=1, routed)           0.685     1.099    clk_IBUF
    BUFGCTRL_X0Y0        BUFG (Prop_bufg_I_O)         0.029     1.128 r  clk_IBUF_BUFG_inst/O
                         net (fo=513, routed)         0.861     1.988    dp/dmem_inst/mem_reg_0_255_14_14/WCLK
    SLICE_X2Y13          RAMS64E                                      r  dp/dmem_inst/mem_reg_0_255_14_14/RAMS64E_C/CLK
                         clock pessimism             -0.478     1.510    
    SLICE_X2Y13          RAMS64E (Hold_rams64e_CLK_WADR7)
                                                      0.124     1.634    dp/dmem_inst/mem_reg_0_255_14_14/RAMS64E_C
  -------------------------------------------------------------------
                         required time                         -1.634    
                         arrival time                           1.752    
  -------------------------------------------------------------------
                         slack                                  0.118    

Slack (MET) :             0.118ns  (arrival time - required time)
  Source:                 dp/ex_mem_reg/MEM_alu_result_reg[9]/C
                            (rising edge-triggered cell FDCE clocked by clk  {rise@0.000ns fall@5.000ns period=10.000ns})
  Destination:            dp/dmem_inst/mem_reg_0_255_14_14/RAMS64E_D/WADR7
                            (rising edge-triggered cell RAMS64E clocked by clk  {rise@0.000ns fall@5.000ns period=10.000ns})
  Path Group:             clk
  Path Type:              Hold (Min at Fast Process Corner)
  Requirement:            0.000ns  (clk rise@0.000ns - clk rise@0.000ns)
  Data Path Delay:        0.279ns  (logic 0.141ns (50.594%)  route 0.138ns (49.406%))
  Logic Levels:           0  
  Clock Path Skew:        0.037ns (DCD - SCD - CPR)
    Destination Clock Delay (DCD):    1.988ns
    Source Clock Delay      (SCD):    1.473ns
    Clock Pessimism Removal (CPR):    0.478ns

    Location             Delay type                Incr(ns)  Path(ns)    Netlist Resource(s)
  -------------------------------------------------------------------    -------------------
                         (clock clk rise edge)        0.000     0.000 r  
    W5                                                0.000     0.000 r  clk (IN)
                         net (fo=0)                   0.000     0.000    clk
    W5                   IBUF (Prop_ibuf_I_O)         0.226     0.226 r  clk_IBUF_inst/O
                         net (fo=1, routed)           0.631     0.858    clk_IBUF
    BUFGCTRL_X0Y0        BUFG (Prop_bufg_I_O)         0.026     0.884 r  clk_IBUF_BUFG_inst/O
                         net (fo=513, routed)         0.590     1.473    dp/ex_mem_reg/clk_IBUF_BUFG
    SLICE_X5Y12          FDCE                                         r  dp/ex_mem_reg/MEM_alu_result_reg[9]/C
  -------------------------------------------------------------------    -------------------
    SLICE_X5Y12          FDCE (Prop_fdce_C_Q)         0.141     1.614 r  dp/ex_mem_reg/MEM_alu_result_reg[9]/Q
                         net (fo=164, routed)         0.138     1.752    dp/dmem_inst/mem_reg_0_255_14_14/A7
    SLICE_X2Y13          RAMS64E                                      r  dp/dmem_inst/mem_reg_0_255_14_14/RAMS64E_D/WADR7
  -------------------------------------------------------------------    -------------------

                         (clock clk rise edge)        0.000     0.000 r  
    W5                                                0.000     0.000 r  clk (IN)
                         net (fo=0)                   0.000     0.000    clk
    W5                   IBUF (Prop_ibuf_I_O)         0.414     0.414 r  clk_IBUF_inst/O
                         net (fo=1, routed)           0.685     1.099    clk_IBUF
    BUFGCTRL_X0Y0        BUFG (Prop_bufg_I_O)         0.029     1.128 r  clk_IBUF_BUFG_inst/O
                         net (fo=513, routed)         0.861     1.988    dp/dmem_inst/mem_reg_0_255_14_14/WCLK
    SLICE_X2Y13          RAMS64E                                      r  dp/dmem_inst/mem_reg_0_255_14_14/RAMS64E_D/CLK
                         clock pessimism             -0.478     1.510    
    SLICE_X2Y13          RAMS64E (Hold_rams64e_CLK_WADR7)
                                                      0.124     1.634    dp/dmem_inst/mem_reg_0_255_14_14/RAMS64E_D
  -------------------------------------------------------------------
                         required time                         -1.634    
                         arrival time                           1.752    
  -------------------------------------------------------------------
                         slack                                  0.118    

Slack (MET) :             0.119ns  (arrival time - required time)
  Source:                 dp/ex_mem_reg/MEM_alu_result_reg[6]/C
                            (rising edge-triggered cell FDCE clocked by clk  {rise@0.000ns fall@5.000ns period=10.000ns})
  Destination:            dp/dmem_inst/mem_reg_0_255_11_11/RAMS64E_A/ADR4
                            (rising edge-triggered cell RAMS64E clocked by clk  {rise@0.000ns fall@5.000ns period=10.000ns})
  Path Group:             clk
  Path Type:              Hold (Min at Fast Process Corner)
  Requirement:            0.000ns  (clk rise@0.000ns - clk rise@0.000ns)
  Data Path Delay:        0.356ns  (logic 0.164ns (46.029%)  route 0.192ns (53.971%))
  Logic Levels:           0  
  Clock Path Skew:        0.037ns (DCD - SCD - CPR)
    Destination Clock Delay (DCD):    1.961ns
    Source Clock Delay      (SCD):    1.446ns
    Clock Pessimism Removal (CPR):    0.478ns

    Location             Delay type                Incr(ns)  Path(ns)    Netlist Resource(s)
  -------------------------------------------------------------------    -------------------
                         (clock clk rise edge)        0.000     0.000 r  
    W5                                                0.000     0.000 r  clk (IN)
                         net (fo=0)                   0.000     0.000    clk
    W5                   IBUF (Prop_ibuf_I_O)         0.226     0.226 r  clk_IBUF_inst/O
                         net (fo=1, routed)           0.631     0.858    clk_IBUF
    BUFGCTRL_X0Y0        BUFG (Prop_bufg_I_O)         0.026     0.884 r  clk_IBUF_BUFG_inst/O
                         net (fo=513, routed)         0.563     1.446    dp/ex_mem_reg/clk_IBUF_BUFG
    SLICE_X8Y12          FDCE                                         r  dp/ex_mem_reg/MEM_alu_result_reg[6]/C
  -------------------------------------------------------------------    -------------------
    SLICE_X8Y12          FDCE (Prop_fdce_C_Q)         0.164     1.610 r  dp/ex_mem_reg/MEM_alu_result_reg[6]/Q
                         net (fo=132, routed)         0.192     1.802    dp/dmem_inst/mem_reg_0_255_11_11/A4
    SLICE_X10Y11         RAMS64E                                      r  dp/dmem_inst/mem_reg_0_255_11_11/RAMS64E_A/ADR4
  -------------------------------------------------------------------    -------------------

                         (clock clk rise edge)        0.000     0.000 r  
    W5                                                0.000     0.000 r  clk (IN)
                         net (fo=0)                   0.000     0.000    clk
    W5                   IBUF (Prop_ibuf_I_O)         0.414     0.414 r  clk_IBUF_inst/O
                         net (fo=1, routed)           0.685     1.099    clk_IBUF
    BUFGCTRL_X0Y0        BUFG (Prop_bufg_I_O)         0.029     1.128 r  clk_IBUF_BUFG_inst/O
                         net (fo=513, routed)         0.834     1.961    dp/dmem_inst/mem_reg_0_255_11_11/WCLK
    SLICE_X10Y11         RAMS64E                                      r  dp/dmem_inst/mem_reg_0_255_11_11/RAMS64E_A/CLK
                         clock pessimism             -0.478     1.483    
    SLICE_X10Y11         RAMS64E (Hold_rams64e_CLK_ADR4)
                                                      0.200     1.683    dp/dmem_inst/mem_reg_0_255_11_11/RAMS64E_A
  -------------------------------------------------------------------
                         required time                         -1.683    
                         arrival time                           1.802    
  -------------------------------------------------------------------
                         slack                                  0.119    

Slack (MET) :             0.119ns  (arrival time - required time)
  Source:                 dp/ex_mem_reg/MEM_alu_result_reg[6]/C
                            (rising edge-triggered cell FDCE clocked by clk  {rise@0.000ns fall@5.000ns period=10.000ns})
  Destination:            dp/dmem_inst/mem_reg_0_255_11_11/RAMS64E_B/ADR4
                            (rising edge-triggered cell RAMS64E clocked by clk  {rise@0.000ns fall@5.000ns period=10.000ns})
  Path Group:             clk
  Path Type:              Hold (Min at Fast Process Corner)
  Requirement:            0.000ns  (clk rise@0.000ns - clk rise@0.000ns)
  Data Path Delay:        0.356ns  (logic 0.164ns (46.029%)  route 0.192ns (53.971%))
  Logic Levels:           0  
  Clock Path Skew:        0.037ns (DCD - SCD - CPR)
    Destination Clock Delay (DCD):    1.961ns
    Source Clock Delay      (SCD):    1.446ns
    Clock Pessimism Removal (CPR):    0.478ns

    Location             Delay type                Incr(ns)  Path(ns)    Netlist Resource(s)
  -------------------------------------------------------------------    -------------------
                         (clock clk rise edge)        0.000     0.000 r  
    W5                                                0.000     0.000 r  clk (IN)
                         net (fo=0)                   0.000     0.000    clk
    W5                   IBUF (Prop_ibuf_I_O)         0.226     0.226 r  clk_IBUF_inst/O
                         net (fo=1, routed)           0.631     0.858    clk_IBUF
    BUFGCTRL_X0Y0        BUFG (Prop_bufg_I_O)         0.026     0.884 r  clk_IBUF_BUFG_inst/O
                         net (fo=513, routed)         0.563     1.446    dp/ex_mem_reg/clk_IBUF_BUFG
    SLICE_X8Y12          FDCE                                         r  dp/ex_mem_reg/MEM_alu_result_reg[6]/C
  -------------------------------------------------------------------    -------------------
    SLICE_X8Y12          FDCE (Prop_fdce_C_Q)         0.164     1.610 r  dp/ex_mem_reg/MEM_alu_result_reg[6]/Q
                         net (fo=132, routed)         0.192     1.802    dp/dmem_inst/mem_reg_0_255_11_11/A4
    SLICE_X10Y11         RAMS64E                                      r  dp/dmem_inst/mem_reg_0_255_11_11/RAMS64E_B/ADR4
  -------------------------------------------------------------------    -------------------

                         (clock clk rise edge)        0.000     0.000 r  
    W5                                                0.000     0.000 r  clk (IN)
                         net (fo=0)                   0.000     0.000    clk
    W5                   IBUF (Prop_ibuf_I_O)         0.414     0.414 r  clk_IBUF_inst/O
                         net (fo=1, routed)           0.685     1.099    clk_IBUF
    BUFGCTRL_X0Y0        BUFG (Prop_bufg_I_O)         0.029     1.128 r  clk_IBUF_BUFG_inst/O
                         net (fo=513, routed)         0.834     1.961    dp/dmem_inst/mem_reg_0_255_11_11/WCLK
    SLICE_X10Y11         RAMS64E                                      r  dp/dmem_inst/mem_reg_0_255_11_11/RAMS64E_B/CLK
                         clock pessimism             -0.478     1.483    
    SLICE_X10Y11         RAMS64E (Hold_rams64e_CLK_ADR4)
                                                      0.200     1.683    dp/dmem_inst/mem_reg_0_255_11_11/RAMS64E_B
  -------------------------------------------------------------------
                         required time                         -1.683    
                         arrival time                           1.802    
  -------------------------------------------------------------------
                         slack                                  0.119    





Pulse Width Checks
--------------------------------------------------------------------------------------
Clock Name:         clk
Waveform(ns):       { 0.000 5.000 }
Period(ns):         10.000
Sources:            { clk }

Check Type        Corner  Lib Pin      Reference Pin  Required(ns)  Actual(ns)  Slack(ns)  Location       Pin
Min Period        n/a     BUFG/I       n/a            1.592         10.000      8.408      BUFGCTRL_X0Y0  clk_IBUF_BUFG_inst/I
Min Period        n/a     FDRE/C       n/a            1.000         10.000      9.000      SLICE_X1Y5     dp/debug_wb_reg_reg[0]/C
Min Period        n/a     FDRE/C       n/a            1.000         10.000      9.000      SLICE_X0Y9     dp/debug_wb_reg_reg[10]/C
Min Period        n/a     FDRE/C       n/a            1.000         10.000      9.000      SLICE_X0Y12    dp/debug_wb_reg_reg[11]/C
Min Period        n/a     FDRE/C       n/a            1.000         10.000      9.000      SLICE_X0Y12    dp/debug_wb_reg_reg[12]/C
Min Period        n/a     FDRE/C       n/a            1.000         10.000      9.000      SLICE_X0Y12    dp/debug_wb_reg_reg[13]/C
Min Period        n/a     FDRE/C       n/a            1.000         10.000      9.000      SLICE_X0Y15    dp/debug_wb_reg_reg[14]/C
Min Period        n/a     FDRE/C       n/a            1.000         10.000      9.000      SLICE_X0Y15    dp/debug_wb_reg_reg[15]/C
Min Period        n/a     FDRE/C       n/a            1.000         10.000      9.000      SLICE_X0Y17    dp/debug_wb_reg_reg[16]/C
Min Period        n/a     FDRE/C       n/a            1.000         10.000      9.000      SLICE_X0Y17    dp/debug_wb_reg_reg[17]/C
Low Pulse Width   Slow    RAMS64E/CLK  n/a            1.050         5.000       3.950      SLICE_X2Y11    dp/dmem_inst/mem_reg_0_255_0_0/RAMS64E_A/CLK
Low Pulse Width   Fast    RAMS64E/CLK  n/a            1.050         5.000       3.950      SLICE_X2Y11    dp/dmem_inst/mem_reg_0_255_0_0/RAMS64E_A/CLK
Low Pulse Width   Slow    RAMS64E/CLK  n/a            1.050         5.000       3.950      SLICE_X2Y11    dp/dmem_inst/mem_reg_0_255_0_0/RAMS64E_B/CLK
Low Pulse Width   Fast    RAMS64E/CLK  n/a            1.050         5.000       3.950      SLICE_X2Y11    dp/dmem_inst/mem_reg_0_255_0_0/RAMS64E_B/CLK
Low Pulse Width   Slow    RAMS64E/CLK  n/a            1.050         5.000       3.950      SLICE_X2Y11    dp/dmem_inst/mem_reg_0_255_0_0/RAMS64E_C/CLK
Low Pulse Width   Fast    RAMS64E/CLK  n/a            1.050         5.000       3.950      SLICE_X2Y11    dp/dmem_inst/mem_reg_0_255_0_0/RAMS64E_C/CLK
Low Pulse Width   Slow    RAMS64E/CLK  n/a            1.050         5.000       3.950      SLICE_X2Y11    dp/dmem_inst/mem_reg_0_255_0_0/RAMS64E_D/CLK
Low Pulse Width   Fast    RAMS64E/CLK  n/a            1.050         5.000       3.950      SLICE_X2Y11    dp/dmem_inst/mem_reg_0_255_0_0/RAMS64E_D/CLK
Low Pulse Width   Slow    RAMS64E/CLK  n/a            1.050         5.000       3.950      SLICE_X8Y14    dp/dmem_inst/mem_reg_0_255_10_10/RAMS64E_A/CLK
Low Pulse Width   Fast    RAMS64E/CLK  n/a            1.050         5.000       3.950      SLICE_X8Y14    dp/dmem_inst/mem_reg_0_255_10_10/RAMS64E_A/CLK
High Pulse Width  Slow    RAMS64E/CLK  n/a            1.050         5.000       3.950      SLICE_X2Y11    dp/dmem_inst/mem_reg_0_255_0_0/RAMS64E_A/CLK
High Pulse Width  Fast    RAMS64E/CLK  n/a            1.050         5.000       3.950      SLICE_X2Y11    dp/dmem_inst/mem_reg_0_255_0_0/RAMS64E_A/CLK
High Pulse Width  Slow    RAMS64E/CLK  n/a            1.050         5.000       3.950      SLICE_X2Y11    dp/dmem_inst/mem_reg_0_255_0_0/RAMS64E_B/CLK
High Pulse Width  Fast    RAMS64E/CLK  n/a            1.050         5.000       3.950      SLICE_X2Y11    dp/dmem_inst/mem_reg_0_255_0_0/RAMS64E_B/CLK
High Pulse Width  Slow    RAMS64E/CLK  n/a            1.050         5.000       3.950      SLICE_X2Y11    dp/dmem_inst/mem_reg_0_255_0_0/RAMS64E_C/CLK
High Pulse Width  Fast    RAMS64E/CLK  n/a            1.050         5.000       3.950      SLICE_X2Y11    dp/dmem_inst/mem_reg_0_255_0_0/RAMS64E_C/CLK
High Pulse Width  Slow    RAMS64E/CLK  n/a            1.050         5.000       3.950      SLICE_X2Y11    dp/dmem_inst/mem_reg_0_255_0_0/RAMS64E_D/CLK
High Pulse Width  Fast    RAMS64E/CLK  n/a            1.050         5.000       3.950      SLICE_X2Y11    dp/dmem_inst/mem_reg_0_255_0_0/RAMS64E_D/CLK
High Pulse Width  Slow    RAMS64E/CLK  n/a            1.050         5.000       3.950      SLICE_X8Y14    dp/dmem_inst/mem_reg_0_255_10_10/RAMS64E_A/CLK
High Pulse Width  Fast    RAMS64E/CLK  n/a            1.050         5.000       3.950      SLICE_X8Y14    dp/dmem_inst/mem_reg_0_255_10_10/RAMS64E_A/CLK



---------------------------------------------------------------------------------------------------
Path Group:  **async_default**
From Clock:  clk
  To Clock:  clk

Setup :            0  Failing Endpoints,  Worst Slack        5.726ns,  Total Violation        0.000ns
Hold  :            0  Failing Endpoints,  Worst Slack        0.195ns,  Total Violation        0.000ns
---------------------------------------------------------------------------------------------------


Max Delay Paths
--------------------------------------------------------------------------------------
Slack (MET) :             5.726ns  (required time - arrival time)
  Source:                 rst
                            (input port clocked by clk  {rise@0.000ns fall@5.000ns period=10.000ns})
  Destination:            dp/mem_wb_reg/WB_mem_read_data_reg[17]/CLR
                            (recovery check against rising-edge clock clk  {rise@0.000ns fall@5.000ns period=10.000ns})
  Path Group:             **async_default**
  Path Type:              Recovery (Max at Slow Process Corner)
  Requirement:            10.000ns  (clk rise@10.000ns - clk rise@0.000ns)
  Data Path Delay:        7.865ns  (logic 1.289ns (16.393%)  route 6.576ns (83.607%))
  Logic Levels:           1  (IBUF=1)
  Input Delay:            0.000ns
  Clock Path Skew:        3.919ns (DCD - SCD + CPR)
    Destination Clock Delay (DCD):    3.919ns = ( 13.919 - 10.000 ) 
    Source Clock Delay      (SCD):    0.000ns
    Clock Pessimism Removal (CPR):    0.000ns
  Clock Uncertainty:      0.035ns  ((TSJ^2 + TIJ^2)^1/2 + DJ) / 2 + PE
    Total System Jitter     (TSJ):    0.071ns
    Total Input Jitter      (TIJ):    0.000ns
    Discrete Jitter          (DJ):    0.000ns
    Phase Error              (PE):    0.000ns

    Location             Delay type                Incr(ns)  Path(ns)    Netlist Resource(s)
  -------------------------------------------------------------------    -------------------
                         (clock clk rise edge)        0.000     0.000 r  
                         input delay                  0.000     0.000    
    U18                                               0.000     0.000 f  rst (IN)
                         net (fo=0)                   0.000     0.000    rst
    U18                  IBUF (Prop_ibuf_I_O)         1.289     1.289 f  rst_IBUF_inst/O
                         net (fo=337, routed)         6.576     7.865    dp/mem_wb_reg/rst
    SLICE_X7Y18          FDCE                                         f  dp/mem_wb_reg/WB_mem_read_data_reg[17]/CLR
  -------------------------------------------------------------------    -------------------

                         (clock clk rise edge)       10.000    10.000 r  
    W5                                                0.000    10.000 r  clk (IN)
                         net (fo=0)                   0.000    10.000    clk
    W5                   IBUF (Prop_ibuf_I_O)         1.240    11.240 r  clk_IBUF_inst/O
                         net (fo=1, routed)           1.415    12.654    clk_IBUF
    BUFGCTRL_X0Y0        BUFG (Prop_bufg_I_O)         0.072    12.726 r  clk_IBUF_BUFG_inst/O
                         net (fo=513, routed)         1.193    13.919    dp/mem_wb_reg/clk_IBUF_BUFG
    SLICE_X7Y18          FDCE                                         r  dp/mem_wb_reg/WB_mem_read_data_reg[17]/C
                         clock pessimism              0.000    13.919    
                         clock uncertainty           -0.035    13.884    
    SLICE_X7Y18          FDCE (Recov_fdce_C_CLR)     -0.293    13.591    dp/mem_wb_reg/WB_mem_read_data_reg[17]
  -------------------------------------------------------------------
                         required time                         13.591    
                         arrival time                          -7.865    
  -------------------------------------------------------------------
                         slack                                  5.726    

Slack (MET) :             5.726ns  (required time - arrival time)
  Source:                 rst
                            (input port clocked by clk  {rise@0.000ns fall@5.000ns period=10.000ns})
  Destination:            dp/mem_wb_reg/WB_mem_read_data_reg[18]/CLR
                            (recovery check against rising-edge clock clk  {rise@0.000ns fall@5.000ns period=10.000ns})
  Path Group:             **async_default**
  Path Type:              Recovery (Max at Slow Process Corner)
  Requirement:            10.000ns  (clk rise@10.000ns - clk rise@0.000ns)
  Data Path Delay:        7.865ns  (logic 1.289ns (16.393%)  route 6.576ns (83.607%))
  Logic Levels:           1  (IBUF=1)
  Input Delay:            0.000ns
  Clock Path Skew:        3.919ns (DCD - SCD + CPR)
    Destination Clock Delay (DCD):    3.919ns = ( 13.919 - 10.000 ) 
    Source Clock Delay      (SCD):    0.000ns
    Clock Pessimism Removal (CPR):    0.000ns
  Clock Uncertainty:      0.035ns  ((TSJ^2 + TIJ^2)^1/2 + DJ) / 2 + PE
    Total System Jitter     (TSJ):    0.071ns
    Total Input Jitter      (TIJ):    0.000ns
    Discrete Jitter          (DJ):    0.000ns
    Phase Error              (PE):    0.000ns

    Location             Delay type                Incr(ns)  Path(ns)    Netlist Resource(s)
  -------------------------------------------------------------------    -------------------
                         (clock clk rise edge)        0.000     0.000 r  
                         input delay                  0.000     0.000    
    U18                                               0.000     0.000 f  rst (IN)
                         net (fo=0)                   0.000     0.000    rst
    U18                  IBUF (Prop_ibuf_I_O)         1.289     1.289 f  rst_IBUF_inst/O
                         net (fo=337, routed)         6.576     7.865    dp/mem_wb_reg/rst
    SLICE_X7Y18          FDCE                                         f  dp/mem_wb_reg/WB_mem_read_data_reg[18]/CLR
  -------------------------------------------------------------------    -------------------

                         (clock clk rise edge)       10.000    10.000 r  
    W5                                                0.000    10.000 r  clk (IN)
                         net (fo=0)                   0.000    10.000    clk
    W5                   IBUF (Prop_ibuf_I_O)         1.240    11.240 r  clk_IBUF_inst/O
                         net (fo=1, routed)           1.415    12.654    clk_IBUF
    BUFGCTRL_X0Y0        BUFG (Prop_bufg_I_O)         0.072    12.726 r  clk_IBUF_BUFG_inst/O
                         net (fo=513, routed)         1.193    13.919    dp/mem_wb_reg/clk_IBUF_BUFG
    SLICE_X7Y18          FDCE                                         r  dp/mem_wb_reg/WB_mem_read_data_reg[18]/C
                         clock pessimism              0.000    13.919    
                         clock uncertainty           -0.035    13.884    
    SLICE_X7Y18          FDCE (Recov_fdce_C_CLR)     -0.293    13.591    dp/mem_wb_reg/WB_mem_read_data_reg[18]
  -------------------------------------------------------------------
                         required time                         13.591    
                         arrival time                          -7.865    
  -------------------------------------------------------------------
                         slack                                  5.726    

Slack (MET) :             5.726ns  (required time - arrival time)
  Source:                 rst
                            (input port clocked by clk  {rise@0.000ns fall@5.000ns period=10.000ns})
  Destination:            dp/mem_wb_reg/WB_mem_read_data_reg[21]/CLR
                            (recovery check against rising-edge clock clk  {rise@0.000ns fall@5.000ns period=10.000ns})
  Path Group:             **async_default**
  Path Type:              Recovery (Max at Slow Process Corner)
  Requirement:            10.000ns  (clk rise@10.000ns - clk rise@0.000ns)
  Data Path Delay:        7.865ns  (logic 1.289ns (16.393%)  route 6.576ns (83.607%))
  Logic Levels:           1  (IBUF=1)
  Input Delay:            0.000ns
  Clock Path Skew:        3.919ns (DCD - SCD + CPR)
    Destination Clock Delay (DCD):    3.919ns = ( 13.919 - 10.000 ) 
    Source Clock Delay      (SCD):    0.000ns
    Clock Pessimism Removal (CPR):    0.000ns
  Clock Uncertainty:      0.035ns  ((TSJ^2 + TIJ^2)^1/2 + DJ) / 2 + PE
    Total System Jitter     (TSJ):    0.071ns
    Total Input Jitter      (TIJ):    0.000ns
    Discrete Jitter          (DJ):    0.000ns
    Phase Error              (PE):    0.000ns

    Location             Delay type                Incr(ns)  Path(ns)    Netlist Resource(s)
  -------------------------------------------------------------------    -------------------
                         (clock clk rise edge)        0.000     0.000 r  
                         input delay                  0.000     0.000    
    U18                                               0.000     0.000 f  rst (IN)
                         net (fo=0)                   0.000     0.000    rst
    U18                  IBUF (Prop_ibuf_I_O)         1.289     1.289 f  rst_IBUF_inst/O
                         net (fo=337, routed)         6.576     7.865    dp/mem_wb_reg/rst
    SLICE_X7Y18          FDCE                                         f  dp/mem_wb_reg/WB_mem_read_data_reg[21]/CLR
  -------------------------------------------------------------------    -------------------

                         (clock clk rise edge)       10.000    10.000 r  
    W5                                                0.000    10.000 r  clk (IN)
                         net (fo=0)                   0.000    10.000    clk
    W5                   IBUF (Prop_ibuf_I_O)         1.240    11.240 r  clk_IBUF_inst/O
                         net (fo=1, routed)           1.415    12.654    clk_IBUF
    BUFGCTRL_X0Y0        BUFG (Prop_bufg_I_O)         0.072    12.726 r  clk_IBUF_BUFG_inst/O
                         net (fo=513, routed)         1.193    13.919    dp/mem_wb_reg/clk_IBUF_BUFG
    SLICE_X7Y18          FDCE                                         r  dp/mem_wb_reg/WB_mem_read_data_reg[21]/C
                         clock pessimism              0.000    13.919    
                         clock uncertainty           -0.035    13.884    
    SLICE_X7Y18          FDCE (Recov_fdce_C_CLR)     -0.293    13.591    dp/mem_wb_reg/WB_mem_read_data_reg[21]
  -------------------------------------------------------------------
                         required time                         13.591    
                         arrival time                          -7.865    
  -------------------------------------------------------------------
                         slack                                  5.726    

Slack (MET) :             5.726ns  (required time - arrival time)
  Source:                 rst
                            (input port clocked by clk  {rise@0.000ns fall@5.000ns period=10.000ns})
  Destination:            dp/mem_wb_reg/WB_mem_read_data_reg[22]/CLR
                            (recovery check against rising-edge clock clk  {rise@0.000ns fall@5.000ns period=10.000ns})
  Path Group:             **async_default**
  Path Type:              Recovery (Max at Slow Process Corner)
  Requirement:            10.000ns  (clk rise@10.000ns - clk rise@0.000ns)
  Data Path Delay:        7.865ns  (logic 1.289ns (16.393%)  route 6.576ns (83.607%))
  Logic Levels:           1  (IBUF=1)
  Input Delay:            0.000ns
  Clock Path Skew:        3.919ns (DCD - SCD + CPR)
    Destination Clock Delay (DCD):    3.919ns = ( 13.919 - 10.000 ) 
    Source Clock Delay      (SCD):    0.000ns
    Clock Pessimism Removal (CPR):    0.000ns
  Clock Uncertainty:      0.035ns  ((TSJ^2 + TIJ^2)^1/2 + DJ) / 2 + PE
    Total System Jitter     (TSJ):    0.071ns
    Total Input Jitter      (TIJ):    0.000ns
    Discrete Jitter          (DJ):    0.000ns
    Phase Error              (PE):    0.000ns

    Location             Delay type                Incr(ns)  Path(ns)    Netlist Resource(s)
  -------------------------------------------------------------------    -------------------
                         (clock clk rise edge)        0.000     0.000 r  
                         input delay                  0.000     0.000    
    U18                                               0.000     0.000 f  rst (IN)
                         net (fo=0)                   0.000     0.000    rst
    U18                  IBUF (Prop_ibuf_I_O)         1.289     1.289 f  rst_IBUF_inst/O
                         net (fo=337, routed)         6.576     7.865    dp/mem_wb_reg/rst
    SLICE_X7Y18          FDCE                                         f  dp/mem_wb_reg/WB_mem_read_data_reg[22]/CLR
  -------------------------------------------------------------------    -------------------

                         (clock clk rise edge)       10.000    10.000 r  
    W5                                                0.000    10.000 r  clk (IN)
                         net (fo=0)                   0.000    10.000    clk
    W5                   IBUF (Prop_ibuf_I_O)         1.240    11.240 r  clk_IBUF_inst/O
                         net (fo=1, routed)           1.415    12.654    clk_IBUF
    BUFGCTRL_X0Y0        BUFG (Prop_bufg_I_O)         0.072    12.726 r  clk_IBUF_BUFG_inst/O
                         net (fo=513, routed)         1.193    13.919    dp/mem_wb_reg/clk_IBUF_BUFG
    SLICE_X7Y18          FDCE                                         r  dp/mem_wb_reg/WB_mem_read_data_reg[22]/C
                         clock pessimism              0.000    13.919    
                         clock uncertainty           -0.035    13.884    
    SLICE_X7Y18          FDCE (Recov_fdce_C_CLR)     -0.293    13.591    dp/mem_wb_reg/WB_mem_read_data_reg[22]
  -------------------------------------------------------------------
                         required time                         13.591    
                         arrival time                          -7.865    
  -------------------------------------------------------------------
                         slack                                  5.726    

Slack (MET) :             5.877ns  (required time - arrival time)
  Source:                 rst
                            (input port clocked by clk  {rise@0.000ns fall@5.000ns period=10.000ns})
  Destination:            dp/id_ex_reg/EX_read_data1_reg[22]/CLR
                            (recovery check against rising-edge clock clk  {rise@0.000ns fall@5.000ns period=10.000ns})
  Path Group:             **async_default**
  Path Type:              Recovery (Max at Slow Process Corner)
  Requirement:            10.000ns  (clk rise@10.000ns - clk rise@0.000ns)
  Data Path Delay:        7.713ns  (logic 1.289ns (16.717%)  route 6.424ns (83.283%))
  Logic Levels:           1  (IBUF=1)
  Input Delay:            0.000ns
  Clock Path Skew:        3.918ns (DCD - SCD + CPR)
    Destination Clock Delay (DCD):    3.918ns = ( 13.918 - 10.000 ) 
    Source Clock Delay      (SCD):    0.000ns
    Clock Pessimism Removal (CPR):    0.000ns
  Clock Uncertainty:      0.035ns  ((TSJ^2 + TIJ^2)^1/2 + DJ) / 2 + PE
    Total System Jitter     (TSJ):    0.071ns
    Total Input Jitter      (TIJ):    0.000ns
    Discrete Jitter          (DJ):    0.000ns
    Phase Error              (PE):    0.000ns

    Location             Delay type                Incr(ns)  Path(ns)    Netlist Resource(s)
  -------------------------------------------------------------------    -------------------
                         (clock clk rise edge)        0.000     0.000 r  
                         input delay                  0.000     0.000    
    U18                                               0.000     0.000 f  rst (IN)
                         net (fo=0)                   0.000     0.000    rst
    U18                  IBUF (Prop_ibuf_I_O)         1.289     1.289 f  rst_IBUF_inst/O
                         net (fo=337, routed)         6.424     7.713    dp/id_ex_reg/rst
    SLICE_X0Y20          FDCE                                         f  dp/id_ex_reg/EX_read_data1_reg[22]/CLR
  -------------------------------------------------------------------    -------------------

                         (clock clk rise edge)       10.000    10.000 r  
    W5                                                0.000    10.000 r  clk (IN)
                         net (fo=0)                   0.000    10.000    clk
    W5                   IBUF (Prop_ibuf_I_O)         1.240    11.240 r  clk_IBUF_inst/O
                         net (fo=1, routed)           1.415    12.654    clk_IBUF
    BUFGCTRL_X0Y0        BUFG (Prop_bufg_I_O)         0.072    12.726 r  clk_IBUF_BUFG_inst/O
                         net (fo=513, routed)         1.192    13.918    dp/id_ex_reg/clk_IBUF_BUFG
    SLICE_X0Y20          FDCE                                         r  dp/id_ex_reg/EX_read_data1_reg[22]/C
                         clock pessimism              0.000    13.918    
                         clock uncertainty           -0.035    13.883    
    SLICE_X0Y20          FDCE (Recov_fdce_C_CLR)     -0.293    13.590    dp/id_ex_reg/EX_read_data1_reg[22]
  -------------------------------------------------------------------
                         required time                         13.590    
                         arrival time                          -7.713    
  -------------------------------------------------------------------
                         slack                                  5.877    

Slack (MET) :             5.877ns  (required time - arrival time)
  Source:                 rst
                            (input port clocked by clk  {rise@0.000ns fall@5.000ns period=10.000ns})
  Destination:            dp/id_ex_reg/EX_read_data1_reg[24]/CLR
                            (recovery check against rising-edge clock clk  {rise@0.000ns fall@5.000ns period=10.000ns})
  Path Group:             **async_default**
  Path Type:              Recovery (Max at Slow Process Corner)
  Requirement:            10.000ns  (clk rise@10.000ns - clk rise@0.000ns)
  Data Path Delay:        7.713ns  (logic 1.289ns (16.717%)  route 6.424ns (83.283%))
  Logic Levels:           1  (IBUF=1)
  Input Delay:            0.000ns
  Clock Path Skew:        3.918ns (DCD - SCD + CPR)
    Destination Clock Delay (DCD):    3.918ns = ( 13.918 - 10.000 ) 
    Source Clock Delay      (SCD):    0.000ns
    Clock Pessimism Removal (CPR):    0.000ns
  Clock Uncertainty:      0.035ns  ((TSJ^2 + TIJ^2)^1/2 + DJ) / 2 + PE
    Total System Jitter     (TSJ):    0.071ns
    Total Input Jitter      (TIJ):    0.000ns
    Discrete Jitter          (DJ):    0.000ns
    Phase Error              (PE):    0.000ns

    Location             Delay type                Incr(ns)  Path(ns)    Netlist Resource(s)
  -------------------------------------------------------------------    -------------------
                         (clock clk rise edge)        0.000     0.000 r  
                         input delay                  0.000     0.000    
    U18                                               0.000     0.000 f  rst (IN)
                         net (fo=0)                   0.000     0.000    rst
    U18                  IBUF (Prop_ibuf_I_O)         1.289     1.289 f  rst_IBUF_inst/O
                         net (fo=337, routed)         6.424     7.713    dp/id_ex_reg/rst
    SLICE_X0Y20          FDCE                                         f  dp/id_ex_reg/EX_read_data1_reg[24]/CLR
  -------------------------------------------------------------------    -------------------

                         (clock clk rise edge)       10.000    10.000 r  
    W5                                                0.000    10.000 r  clk (IN)
                         net (fo=0)                   0.000    10.000    clk
    W5                   IBUF (Prop_ibuf_I_O)         1.240    11.240 r  clk_IBUF_inst/O
                         net (fo=1, routed)           1.415    12.654    clk_IBUF
    BUFGCTRL_X0Y0        BUFG (Prop_bufg_I_O)         0.072    12.726 r  clk_IBUF_BUFG_inst/O
                         net (fo=513, routed)         1.192    13.918    dp/id_ex_reg/clk_IBUF_BUFG
    SLICE_X0Y20          FDCE                                         r  dp/id_ex_reg/EX_read_data1_reg[24]/C
                         clock pessimism              0.000    13.918    
                         clock uncertainty           -0.035    13.883    
    SLICE_X0Y20          FDCE (Recov_fdce_C_CLR)     -0.293    13.590    dp/id_ex_reg/EX_read_data1_reg[24]
  -------------------------------------------------------------------
                         required time                         13.590    
                         arrival time                          -7.713    
  -------------------------------------------------------------------
                         slack                                  5.877    

Slack (MET) :             5.880ns  (required time - arrival time)
  Source:                 rst
                            (input port clocked by clk  {rise@0.000ns fall@5.000ns period=10.000ns})
  Destination:            dp/id_ex_reg/EX_read_data1_reg[29]/CLR
                            (recovery check against rising-edge clock clk  {rise@0.000ns fall@5.000ns period=10.000ns})
  Path Group:             **async_default**
  Path Type:              Recovery (Max at Slow Process Corner)
  Requirement:            10.000ns  (clk rise@10.000ns - clk rise@0.000ns)
  Data Path Delay:        7.710ns  (logic 1.289ns (16.724%)  route 6.421ns (83.276%))
  Logic Levels:           1  (IBUF=1)
  Input Delay:            0.000ns
  Clock Path Skew:        3.918ns (DCD - SCD + CPR)
    Destination Clock Delay (DCD):    3.918ns = ( 13.918 - 10.000 ) 
    Source Clock Delay      (SCD):    0.000ns
    Clock Pessimism Removal (CPR):    0.000ns
  Clock Uncertainty:      0.035ns  ((TSJ^2 + TIJ^2)^1/2 + DJ) / 2 + PE
    Total System Jitter     (TSJ):    0.071ns
    Total Input Jitter      (TIJ):    0.000ns
    Discrete Jitter          (DJ):    0.000ns
    Phase Error              (PE):    0.000ns

    Location             Delay type                Incr(ns)  Path(ns)    Netlist Resource(s)
  -------------------------------------------------------------------    -------------------
                         (clock clk rise edge)        0.000     0.000 r  
                         input delay                  0.000     0.000    
    U18                                               0.000     0.000 f  rst (IN)
                         net (fo=0)                   0.000     0.000    rst
    U18                  IBUF (Prop_ibuf_I_O)         1.289     1.289 f  rst_IBUF_inst/O
                         net (fo=337, routed)         6.421     7.710    dp/id_ex_reg/rst
    SLICE_X1Y20          FDCE                                         f  dp/id_ex_reg/EX_read_data1_reg[29]/CLR
  -------------------------------------------------------------------    -------------------

                         (clock clk rise edge)       10.000    10.000 r  
    W5                                                0.000    10.000 r  clk (IN)
                         net (fo=0)                   0.000    10.000    clk
    W5                   IBUF (Prop_ibuf_I_O)         1.240    11.240 r  clk_IBUF_inst/O
                         net (fo=1, routed)           1.415    12.654    clk_IBUF
    BUFGCTRL_X0Y0        BUFG (Prop_bufg_I_O)         0.072    12.726 r  clk_IBUF_BUFG_inst/O
                         net (fo=513, routed)         1.192    13.918    dp/id_ex_reg/clk_IBUF_BUFG
    SLICE_X1Y20          FDCE                                         r  dp/id_ex_reg/EX_read_data1_reg[29]/C
                         clock pessimism              0.000    13.918    
                         clock uncertainty           -0.035    13.883    
    SLICE_X1Y20          FDCE (Recov_fdce_C_CLR)     -0.293    13.590    dp/id_ex_reg/EX_read_data1_reg[29]
  -------------------------------------------------------------------
                         required time                         13.590    
                         arrival time                          -7.710    
  -------------------------------------------------------------------
                         slack                                  5.880    

Slack (MET) :             5.880ns  (required time - arrival time)
  Source:                 rst
                            (input port clocked by clk  {rise@0.000ns fall@5.000ns period=10.000ns})
  Destination:            dp/id_ex_reg/EX_read_data1_reg[30]/CLR
                            (recovery check against rising-edge clock clk  {rise@0.000ns fall@5.000ns period=10.000ns})
  Path Group:             **async_default**
  Path Type:              Recovery (Max at Slow Process Corner)
  Requirement:            10.000ns  (clk rise@10.000ns - clk rise@0.000ns)
  Data Path Delay:        7.710ns  (logic 1.289ns (16.724%)  route 6.421ns (83.276%))
  Logic Levels:           1  (IBUF=1)
  Input Delay:            0.000ns
  Clock Path Skew:        3.918ns (DCD - SCD + CPR)
    Destination Clock Delay (DCD):    3.918ns = ( 13.918 - 10.000 ) 
    Source Clock Delay      (SCD):    0.000ns
    Clock Pessimism Removal (CPR):    0.000ns
  Clock Uncertainty:      0.035ns  ((TSJ^2 + TIJ^2)^1/2 + DJ) / 2 + PE
    Total System Jitter     (TSJ):    0.071ns
    Total Input Jitter      (TIJ):    0.000ns
    Discrete Jitter          (DJ):    0.000ns
    Phase Error              (PE):    0.000ns

    Location             Delay type                Incr(ns)  Path(ns)    Netlist Resource(s)
  -------------------------------------------------------------------    -------------------
                         (clock clk rise edge)        0.000     0.000 r  
                         input delay                  0.000     0.000    
    U18                                               0.000     0.000 f  rst (IN)
                         net (fo=0)                   0.000     0.000    rst
    U18                  IBUF (Prop_ibuf_I_O)         1.289     1.289 f  rst_IBUF_inst/O
                         net (fo=337, routed)         6.421     7.710    dp/id_ex_reg/rst
    SLICE_X1Y20          FDCE                                         f  dp/id_ex_reg/EX_read_data1_reg[30]/CLR
  -------------------------------------------------------------------    -------------------

                         (clock clk rise edge)       10.000    10.000 r  
    W5                                                0.000    10.000 r  clk (IN)
                         net (fo=0)                   0.000    10.000    clk
    W5                   IBUF (Prop_ibuf_I_O)         1.240    11.240 r  clk_IBUF_inst/O
                         net (fo=1, routed)           1.415    12.654    clk_IBUF
    BUFGCTRL_X0Y0        BUFG (Prop_bufg_I_O)         0.072    12.726 r  clk_IBUF_BUFG_inst/O
                         net (fo=513, routed)         1.192    13.918    dp/id_ex_reg/clk_IBUF_BUFG
    SLICE_X1Y20          FDCE                                         r  dp/id_ex_reg/EX_read_data1_reg[30]/C
                         clock pessimism              0.000    13.918    
                         clock uncertainty           -0.035    13.883    
    SLICE_X1Y20          FDCE (Recov_fdce_C_CLR)     -0.293    13.590    dp/id_ex_reg/EX_read_data1_reg[30]
  -------------------------------------------------------------------
                         required time                         13.590    
                         arrival time                          -7.710    
  -------------------------------------------------------------------
                         slack                                  5.880    

Slack (MET) :             5.921ns  (required time - arrival time)
  Source:                 rst
                            (input port clocked by clk  {rise@0.000ns fall@5.000ns period=10.000ns})
  Destination:            dp/id_ex_reg/EX_read_data1_reg[16]/CLR
                            (recovery check against rising-edge clock clk  {rise@0.000ns fall@5.000ns period=10.000ns})
  Path Group:             **async_default**
  Path Type:              Recovery (Max at Slow Process Corner)
  Requirement:            10.000ns  (clk rise@10.000ns - clk rise@0.000ns)
  Data Path Delay:        7.672ns  (logic 1.289ns (16.806%)  route 6.383ns (83.194%))
  Logic Levels:           1  (IBUF=1)
  Input Delay:            0.000ns
  Clock Path Skew:        3.921ns (DCD - SCD + CPR)
    Destination Clock Delay (DCD):    3.921ns = ( 13.921 - 10.000 ) 
    Source Clock Delay      (SCD):    0.000ns
    Clock Pessimism Removal (CPR):    0.000ns
  Clock Uncertainty:      0.035ns  ((TSJ^2 + TIJ^2)^1/2 + DJ) / 2 + PE
    Total System Jitter     (TSJ):    0.071ns
    Total Input Jitter      (TIJ):    0.000ns
    Discrete Jitter          (DJ):    0.000ns
    Phase Error              (PE):    0.000ns

    Location             Delay type                Incr(ns)  Path(ns)    Netlist Resource(s)
  -------------------------------------------------------------------    -------------------
                         (clock clk rise edge)        0.000     0.000 r  
                         input delay                  0.000     0.000    
    U18                                               0.000     0.000 f  rst (IN)
                         net (fo=0)                   0.000     0.000    rst
    U18                  IBUF (Prop_ibuf_I_O)         1.289     1.289 f  rst_IBUF_inst/O
                         net (fo=337, routed)         6.383     7.672    dp/id_ex_reg/rst
    SLICE_X3Y17          FDCE                                         f  dp/id_ex_reg/EX_read_data1_reg[16]/CLR
  -------------------------------------------------------------------    -------------------

                         (clock clk rise edge)       10.000    10.000 r  
    W5                                                0.000    10.000 r  clk (IN)
                         net (fo=0)                   0.000    10.000    clk
    W5                   IBUF (Prop_ibuf_I_O)         1.240    11.240 r  clk_IBUF_inst/O
                         net (fo=1, routed)           1.415    12.654    clk_IBUF
    BUFGCTRL_X0Y0        BUFG (Prop_bufg_I_O)         0.072    12.726 r  clk_IBUF_BUFG_inst/O
                         net (fo=513, routed)         1.195    13.921    dp/id_ex_reg/clk_IBUF_BUFG
    SLICE_X3Y17          FDCE                                         r  dp/id_ex_reg/EX_read_data1_reg[16]/C
                         clock pessimism              0.000    13.921    
                         clock uncertainty           -0.035    13.886    
    SLICE_X3Y17          FDCE (Recov_fdce_C_CLR)     -0.293    13.593    dp/id_ex_reg/EX_read_data1_reg[16]
  -------------------------------------------------------------------
                         required time                         13.593    
                         arrival time                          -7.672    
  -------------------------------------------------------------------
                         slack                                  5.921    

Slack (MET) :             5.921ns  (required time - arrival time)
  Source:                 rst
                            (input port clocked by clk  {rise@0.000ns fall@5.000ns period=10.000ns})
  Destination:            dp/id_ex_reg/EX_read_data2_reg[16]/CLR
                            (recovery check against rising-edge clock clk  {rise@0.000ns fall@5.000ns period=10.000ns})
  Path Group:             **async_default**
  Path Type:              Recovery (Max at Slow Process Corner)
  Requirement:            10.000ns  (clk rise@10.000ns - clk rise@0.000ns)
  Data Path Delay:        7.672ns  (logic 1.289ns (16.806%)  route 6.383ns (83.194%))
  Logic Levels:           1  (IBUF=1)
  Input Delay:            0.000ns
  Clock Path Skew:        3.921ns (DCD - SCD + CPR)
    Destination Clock Delay (DCD):    3.921ns = ( 13.921 - 10.000 ) 
    Source Clock Delay      (SCD):    0.000ns
    Clock Pessimism Removal (CPR):    0.000ns
  Clock Uncertainty:      0.035ns  ((TSJ^2 + TIJ^2)^1/2 + DJ) / 2 + PE
    Total System Jitter     (TSJ):    0.071ns
    Total Input Jitter      (TIJ):    0.000ns
    Discrete Jitter          (DJ):    0.000ns
    Phase Error              (PE):    0.000ns

    Location             Delay type                Incr(ns)  Path(ns)    Netlist Resource(s)
  -------------------------------------------------------------------    -------------------
                         (clock clk rise edge)        0.000     0.000 r  
                         input delay                  0.000     0.000    
    U18                                               0.000     0.000 f  rst (IN)
                         net (fo=0)                   0.000     0.000    rst
    U18                  IBUF (Prop_ibuf_I_O)         1.289     1.289 f  rst_IBUF_inst/O
                         net (fo=337, routed)         6.383     7.672    dp/id_ex_reg/rst
    SLICE_X3Y17          FDCE                                         f  dp/id_ex_reg/EX_read_data2_reg[16]/CLR
  -------------------------------------------------------------------    -------------------

                         (clock clk rise edge)       10.000    10.000 r  
    W5                                                0.000    10.000 r  clk (IN)
                         net (fo=0)                   0.000    10.000    clk
    W5                   IBUF (Prop_ibuf_I_O)         1.240    11.240 r  clk_IBUF_inst/O
                         net (fo=1, routed)           1.415    12.654    clk_IBUF
    BUFGCTRL_X0Y0        BUFG (Prop_bufg_I_O)         0.072    12.726 r  clk_IBUF_BUFG_inst/O
                         net (fo=513, routed)         1.195    13.921    dp/id_ex_reg/clk_IBUF_BUFG
    SLICE_X3Y17          FDCE                                         r  dp/id_ex_reg/EX_read_data2_reg[16]/C
                         clock pessimism              0.000    13.921    
                         clock uncertainty           -0.035    13.886    
    SLICE_X3Y17          FDCE (Recov_fdce_C_CLR)     -0.293    13.593    dp/id_ex_reg/EX_read_data2_reg[16]
  -------------------------------------------------------------------
                         required time                         13.593    
                         arrival time                          -7.672    
  -------------------------------------------------------------------
                         slack                                  5.921    





Min Delay Paths
--------------------------------------------------------------------------------------
Slack (MET) :             0.195ns  (arrival time - required time)
  Source:                 rst
                            (input port clocked by clk  {rise@0.000ns fall@5.000ns period=10.000ns})
  Destination:            dp/ex_mem_reg/MEM_alu_result_reg[16]/CLR
                            (removal check against rising-edge clock clk  {rise@0.000ns fall@5.000ns period=10.000ns})
  Path Group:             **async_default**
  Path Type:              Removal (Min at Fast Process Corner)
  Requirement:            0.000ns  (clk rise@0.000ns - clk rise@0.000ns)
  Data Path Delay:        2.126ns  (logic 0.210ns (9.857%)  route 1.916ns (90.143%))
  Logic Levels:           1  (IBUF=1)
  Input Delay:            0.000ns
  Clock Path Skew:        1.987ns (DCD - SCD - CPR)
    Destination Clock Delay (DCD):    1.987ns
    Source Clock Delay      (SCD):    0.000ns
    Clock Pessimism Removal (CPR):    -0.000ns
  Clock Uncertainty:      0.035ns  ((TSJ^2 + TIJ^2)^1/2 + DJ) / 2 + PE
    Total System Jitter     (TSJ):    0.071ns
    Total Input Jitter      (TIJ):    0.000ns
    Discrete Jitter          (DJ):    0.000ns
    Phase Error              (PE):    0.000ns

    Location             Delay type                Incr(ns)  Path(ns)    Netlist Resource(s)
  -------------------------------------------------------------------    -------------------
                         (clock clk rise edge)        0.000     0.000 r  
                         input delay                  0.000     0.000    
    U18                                               0.000     0.000 f  rst (IN)
                         net (fo=0)                   0.000     0.000    rst
    U18                  IBUF (Prop_ibuf_I_O)         0.210     0.210 f  rst_IBUF_inst/O
                         net (fo=337, routed)         1.916     2.126    dp/ex_mem_reg/rst
    SLICE_X3Y15          FDCE                                         f  dp/ex_mem_reg/MEM_alu_result_reg[16]/CLR
  -------------------------------------------------------------------    -------------------

                         (clock clk rise edge)        0.000     0.000 r  
    W5                                                0.000     0.000 r  clk (IN)
                         net (fo=0)                   0.000     0.000    clk
    W5                   IBUF (Prop_ibuf_I_O)         0.414     0.414 r  clk_IBUF_inst/O
                         net (fo=1, routed)           0.685     1.099    clk_IBUF
    BUFGCTRL_X0Y0        BUFG (Prop_bufg_I_O)         0.029     1.128 r  clk_IBUF_BUFG_inst/O
                         net (fo=513, routed)         0.860     1.987    dp/ex_mem_reg/clk_IBUF_BUFG
    SLICE_X3Y15          FDCE                                         r  dp/ex_mem_reg/MEM_alu_result_reg[16]/C
                         clock pessimism              0.000     1.987    
                         clock uncertainty            0.035     2.023    
    SLICE_X3Y15          FDCE (Remov_fdce_C_CLR)     -0.092     1.931    dp/ex_mem_reg/MEM_alu_result_reg[16]
  -------------------------------------------------------------------
                         required time                         -1.931    
                         arrival time                           2.126    
  -------------------------------------------------------------------
                         slack                                  0.195    

Slack (MET) :             0.195ns  (arrival time - required time)
  Source:                 rst
                            (input port clocked by clk  {rise@0.000ns fall@5.000ns period=10.000ns})
  Destination:            dp/ex_mem_reg/MEM_alu_result_reg[18]/CLR
                            (removal check against rising-edge clock clk  {rise@0.000ns fall@5.000ns period=10.000ns})
  Path Group:             **async_default**
  Path Type:              Removal (Min at Fast Process Corner)
  Requirement:            0.000ns  (clk rise@0.000ns - clk rise@0.000ns)
  Data Path Delay:        2.126ns  (logic 0.210ns (9.857%)  route 1.916ns (90.143%))
  Logic Levels:           1  (IBUF=1)
  Input Delay:            0.000ns
  Clock Path Skew:        1.987ns (DCD - SCD - CPR)
    Destination Clock Delay (DCD):    1.987ns
    Source Clock Delay      (SCD):    0.000ns
    Clock Pessimism Removal (CPR):    -0.000ns
  Clock Uncertainty:      0.035ns  ((TSJ^2 + TIJ^2)^1/2 + DJ) / 2 + PE
    Total System Jitter     (TSJ):    0.071ns
    Total Input Jitter      (TIJ):    0.000ns
    Discrete Jitter          (DJ):    0.000ns
    Phase Error              (PE):    0.000ns

    Location             Delay type                Incr(ns)  Path(ns)    Netlist Resource(s)
  -------------------------------------------------------------------    -------------------
                         (clock clk rise edge)        0.000     0.000 r  
                         input delay                  0.000     0.000    
    U18                                               0.000     0.000 f  rst (IN)
                         net (fo=0)                   0.000     0.000    rst
    U18                  IBUF (Prop_ibuf_I_O)         0.210     0.210 f  rst_IBUF_inst/O
                         net (fo=337, routed)         1.916     2.126    dp/ex_mem_reg/rst
    SLICE_X3Y15          FDCE                                         f  dp/ex_mem_reg/MEM_alu_result_reg[18]/CLR
  -------------------------------------------------------------------    -------------------

                         (clock clk rise edge)        0.000     0.000 r  
    W5                                                0.000     0.000 r  clk (IN)
                         net (fo=0)                   0.000     0.000    clk
    W5                   IBUF (Prop_ibuf_I_O)         0.414     0.414 r  clk_IBUF_inst/O
                         net (fo=1, routed)           0.685     1.099    clk_IBUF
    BUFGCTRL_X0Y0        BUFG (Prop_bufg_I_O)         0.029     1.128 r  clk_IBUF_BUFG_inst/O
                         net (fo=513, routed)         0.860     1.987    dp/ex_mem_reg/clk_IBUF_BUFG
    SLICE_X3Y15          FDCE                                         r  dp/ex_mem_reg/MEM_alu_result_reg[18]/C
                         clock pessimism              0.000     1.987    
                         clock uncertainty            0.035     2.023    
    SLICE_X3Y15          FDCE (Remov_fdce_C_CLR)     -0.092     1.931    dp/ex_mem_reg/MEM_alu_result_reg[18]
  -------------------------------------------------------------------
                         required time                         -1.931    
                         arrival time                           2.126    
  -------------------------------------------------------------------
                         slack                                  0.195    

Slack (MET) :             0.195ns  (arrival time - required time)
  Source:                 rst
                            (input port clocked by clk  {rise@0.000ns fall@5.000ns period=10.000ns})
  Destination:            dp/ex_mem_reg/MEM_write_data_reg[15]/CLR
                            (removal check against rising-edge clock clk  {rise@0.000ns fall@5.000ns period=10.000ns})
  Path Group:             **async_default**
  Path Type:              Removal (Min at Fast Process Corner)
  Requirement:            0.000ns  (clk rise@0.000ns - clk rise@0.000ns)
  Data Path Delay:        2.126ns  (logic 0.210ns (9.857%)  route 1.916ns (90.143%))
  Logic Levels:           1  (IBUF=1)
  Input Delay:            0.000ns
  Clock Path Skew:        1.987ns (DCD - SCD - CPR)
    Destination Clock Delay (DCD):    1.987ns
    Source Clock Delay      (SCD):    0.000ns
    Clock Pessimism Removal (CPR):    -0.000ns
  Clock Uncertainty:      0.035ns  ((TSJ^2 + TIJ^2)^1/2 + DJ) / 2 + PE
    Total System Jitter     (TSJ):    0.071ns
    Total Input Jitter      (TIJ):    0.000ns
    Discrete Jitter          (DJ):    0.000ns
    Phase Error              (PE):    0.000ns

    Location             Delay type                Incr(ns)  Path(ns)    Netlist Resource(s)
  -------------------------------------------------------------------    -------------------
                         (clock clk rise edge)        0.000     0.000 r  
                         input delay                  0.000     0.000    
    U18                                               0.000     0.000 f  rst (IN)
                         net (fo=0)                   0.000     0.000    rst
    U18                  IBUF (Prop_ibuf_I_O)         0.210     0.210 f  rst_IBUF_inst/O
                         net (fo=337, routed)         1.916     2.126    dp/ex_mem_reg/rst
    SLICE_X3Y15          FDCE                                         f  dp/ex_mem_reg/MEM_write_data_reg[15]/CLR
  -------------------------------------------------------------------    -------------------

                         (clock clk rise edge)        0.000     0.000 r  
    W5                                                0.000     0.000 r  clk (IN)
                         net (fo=0)                   0.000     0.000    clk
    W5                   IBUF (Prop_ibuf_I_O)         0.414     0.414 r  clk_IBUF_inst/O
                         net (fo=1, routed)           0.685     1.099    clk_IBUF
    BUFGCTRL_X0Y0        BUFG (Prop_bufg_I_O)         0.029     1.128 r  clk_IBUF_BUFG_inst/O
                         net (fo=513, routed)         0.860     1.987    dp/ex_mem_reg/clk_IBUF_BUFG
    SLICE_X3Y15          FDCE                                         r  dp/ex_mem_reg/MEM_write_data_reg[15]/C
                         clock pessimism              0.000     1.987    
                         clock uncertainty            0.035     2.023    
    SLICE_X3Y15          FDCE (Remov_fdce_C_CLR)     -0.092     1.931    dp/ex_mem_reg/MEM_write_data_reg[15]
  -------------------------------------------------------------------
                         required time                         -1.931    
                         arrival time                           2.126    
  -------------------------------------------------------------------
                         slack                                  0.195    

Slack (MET) :             0.195ns  (arrival time - required time)
  Source:                 rst
                            (input port clocked by clk  {rise@0.000ns fall@5.000ns period=10.000ns})
  Destination:            dp/id_ex_reg/EX_read_data2_reg[15]/CLR
                            (removal check against rising-edge clock clk  {rise@0.000ns fall@5.000ns period=10.000ns})
  Path Group:             **async_default**
  Path Type:              Removal (Min at Fast Process Corner)
  Requirement:            0.000ns  (clk rise@0.000ns - clk rise@0.000ns)
  Data Path Delay:        2.126ns  (logic 0.210ns (9.857%)  route 1.916ns (90.143%))
  Logic Levels:           1  (IBUF=1)
  Input Delay:            0.000ns
  Clock Path Skew:        1.987ns (DCD - SCD - CPR)
    Destination Clock Delay (DCD):    1.987ns
    Source Clock Delay      (SCD):    0.000ns
    Clock Pessimism Removal (CPR):    -0.000ns
  Clock Uncertainty:      0.035ns  ((TSJ^2 + TIJ^2)^1/2 + DJ) / 2 + PE
    Total System Jitter     (TSJ):    0.071ns
    Total Input Jitter      (TIJ):    0.000ns
    Discrete Jitter          (DJ):    0.000ns
    Phase Error              (PE):    0.000ns

    Location             Delay type                Incr(ns)  Path(ns)    Netlist Resource(s)
  -------------------------------------------------------------------    -------------------
                         (clock clk rise edge)        0.000     0.000 r  
                         input delay                  0.000     0.000    
    U18                                               0.000     0.000 f  rst (IN)
                         net (fo=0)                   0.000     0.000    rst
    U18                  IBUF (Prop_ibuf_I_O)         0.210     0.210 f  rst_IBUF_inst/O
                         net (fo=337, routed)         1.916     2.126    dp/id_ex_reg/rst
    SLICE_X3Y15          FDCE                                         f  dp/id_ex_reg/EX_read_data2_reg[15]/CLR
  -------------------------------------------------------------------    -------------------

                         (clock clk rise edge)        0.000     0.000 r  
    W5                                                0.000     0.000 r  clk (IN)
                         net (fo=0)                   0.000     0.000    clk
    W5                   IBUF (Prop_ibuf_I_O)         0.414     0.414 r  clk_IBUF_inst/O
                         net (fo=1, routed)           0.685     1.099    clk_IBUF
    BUFGCTRL_X0Y0        BUFG (Prop_bufg_I_O)         0.029     1.128 r  clk_IBUF_BUFG_inst/O
                         net (fo=513, routed)         0.860     1.987    dp/id_ex_reg/clk_IBUF_BUFG
    SLICE_X3Y15          FDCE                                         r  dp/id_ex_reg/EX_read_data2_reg[15]/C
                         clock pessimism              0.000     1.987    
                         clock uncertainty            0.035     2.023    
    SLICE_X3Y15          FDCE (Remov_fdce_C_CLR)     -0.092     1.931    dp/id_ex_reg/EX_read_data2_reg[15]
  -------------------------------------------------------------------
                         required time                         -1.931    
                         arrival time                           2.126    
  -------------------------------------------------------------------
                         slack                                  0.195    

Slack (MET) :             0.209ns  (arrival time - required time)
  Source:                 rst
                            (input port clocked by clk  {rise@0.000ns fall@5.000ns period=10.000ns})
  Destination:            dp/rf_inst/regs_reg[3][12]/CLR
                            (removal check against rising-edge clock clk  {rise@0.000ns fall@5.000ns period=10.000ns})
  Path Group:             **async_default**
  Path Type:              Removal (Min at Fast Process Corner)
  Requirement:            0.000ns  (clk rise@0.000ns - clk rise@0.000ns)
  Data Path Delay:        2.141ns  (logic 0.210ns (9.788%)  route 1.931ns (90.212%))
  Logic Levels:           1  (IBUF=1)
  Input Delay:            0.000ns
  Clock Path Skew:        1.988ns (DCD - SCD - CPR)
    Destination Clock Delay (DCD):    1.988ns
    Source Clock Delay      (SCD):    0.000ns
    Clock Pessimism Removal (CPR):    -0.000ns
  Clock Uncertainty:      0.035ns  ((TSJ^2 + TIJ^2)^1/2 + DJ) / 2 + PE
    Total System Jitter     (TSJ):    0.071ns
    Total Input Jitter      (TIJ):    0.000ns
    Discrete Jitter          (DJ):    0.000ns
    Phase Error              (PE):    0.000ns

    Location             Delay type                Incr(ns)  Path(ns)    Netlist Resource(s)
  -------------------------------------------------------------------    -------------------
                         (clock clk rise edge)        0.000     0.000 r  
                         input delay                  0.000     0.000    
    U18                                               0.000     0.000 f  rst (IN)
                         net (fo=0)                   0.000     0.000    rst
    U18                  IBUF (Prop_ibuf_I_O)         0.210     0.210 f  rst_IBUF_inst/O
                         net (fo=337, routed)         1.931     2.141    dp/rf_inst/rst
    SLICE_X1Y14          FDCE                                         f  dp/rf_inst/regs_reg[3][12]/CLR
  -------------------------------------------------------------------    -------------------

                         (clock clk rise edge)        0.000     0.000 r  
    W5                                                0.000     0.000 r  clk (IN)
                         net (fo=0)                   0.000     0.000    clk
    W5                   IBUF (Prop_ibuf_I_O)         0.414     0.414 r  clk_IBUF_inst/O
                         net (fo=1, routed)           0.685     1.099    clk_IBUF
    BUFGCTRL_X0Y0        BUFG (Prop_bufg_I_O)         0.029     1.128 r  clk_IBUF_BUFG_inst/O
                         net (fo=513, routed)         0.861     1.988    dp/rf_inst/clk_IBUF_BUFG
    SLICE_X1Y14          FDCE                                         r  dp/rf_inst/regs_reg[3][12]/C
                         clock pessimism              0.000     1.988    
                         clock uncertainty            0.035     2.024    
    SLICE_X1Y14          FDCE (Remov_fdce_C_CLR)     -0.092     1.932    dp/rf_inst/regs_reg[3][12]
  -------------------------------------------------------------------
                         required time                         -1.932    
                         arrival time                           2.141    
  -------------------------------------------------------------------
                         slack                                  0.209    

Slack (MET) :             0.209ns  (arrival time - required time)
  Source:                 rst
                            (input port clocked by clk  {rise@0.000ns fall@5.000ns period=10.000ns})
  Destination:            dp/rf_inst/regs_reg[3][13]/CLR
                            (removal check against rising-edge clock clk  {rise@0.000ns fall@5.000ns period=10.000ns})
  Path Group:             **async_default**
  Path Type:              Removal (Min at Fast Process Corner)
  Requirement:            0.000ns  (clk rise@0.000ns - clk rise@0.000ns)
  Data Path Delay:        2.141ns  (logic 0.210ns (9.788%)  route 1.931ns (90.212%))
  Logic Levels:           1  (IBUF=1)
  Input Delay:            0.000ns
  Clock Path Skew:        1.988ns (DCD - SCD - CPR)
    Destination Clock Delay (DCD):    1.988ns
    Source Clock Delay      (SCD):    0.000ns
    Clock Pessimism Removal (CPR):    -0.000ns
  Clock Uncertainty:      0.035ns  ((TSJ^2 + TIJ^2)^1/2 + DJ) / 2 + PE
    Total System Jitter     (TSJ):    0.071ns
    Total Input Jitter      (TIJ):    0.000ns
    Discrete Jitter          (DJ):    0.000ns
    Phase Error              (PE):    0.000ns

    Location             Delay type                Incr(ns)  Path(ns)    Netlist Resource(s)
  -------------------------------------------------------------------    -------------------
                         (clock clk rise edge)        0.000     0.000 r  
                         input delay                  0.000     0.000    
    U18                                               0.000     0.000 f  rst (IN)
                         net (fo=0)                   0.000     0.000    rst
    U18                  IBUF (Prop_ibuf_I_O)         0.210     0.210 f  rst_IBUF_inst/O
                         net (fo=337, routed)         1.931     2.141    dp/rf_inst/rst
    SLICE_X1Y14          FDCE                                         f  dp/rf_inst/regs_reg[3][13]/CLR
  -------------------------------------------------------------------    -------------------

                         (clock clk rise edge)        0.000     0.000 r  
    W5                                                0.000     0.000 r  clk (IN)
                         net (fo=0)                   0.000     0.000    clk
    W5                   IBUF (Prop_ibuf_I_O)         0.414     0.414 r  clk_IBUF_inst/O
                         net (fo=1, routed)           0.685     1.099    clk_IBUF
    BUFGCTRL_X0Y0        BUFG (Prop_bufg_I_O)         0.029     1.128 r  clk_IBUF_BUFG_inst/O
                         net (fo=513, routed)         0.861     1.988    dp/rf_inst/clk_IBUF_BUFG
    SLICE_X1Y14          FDCE                                         r  dp/rf_inst/regs_reg[3][13]/C
                         clock pessimism              0.000     1.988    
                         clock uncertainty            0.035     2.024    
    SLICE_X1Y14          FDCE (Remov_fdce_C_CLR)     -0.092     1.932    dp/rf_inst/regs_reg[3][13]
  -------------------------------------------------------------------
                         required time                         -1.932    
                         arrival time                           2.141    
  -------------------------------------------------------------------
                         slack                                  0.209    

Slack (MET) :             0.209ns  (arrival time - required time)
  Source:                 rst
                            (input port clocked by clk  {rise@0.000ns fall@5.000ns period=10.000ns})
  Destination:            dp/rf_inst/regs_reg[3][14]/CLR
                            (removal check against rising-edge clock clk  {rise@0.000ns fall@5.000ns period=10.000ns})
  Path Group:             **async_default**
  Path Type:              Removal (Min at Fast Process Corner)
  Requirement:            0.000ns  (clk rise@0.000ns - clk rise@0.000ns)
  Data Path Delay:        2.141ns  (logic 0.210ns (9.788%)  route 1.931ns (90.212%))
  Logic Levels:           1  (IBUF=1)
  Input Delay:            0.000ns
  Clock Path Skew:        1.988ns (DCD - SCD - CPR)
    Destination Clock Delay (DCD):    1.988ns
    Source Clock Delay      (SCD):    0.000ns
    Clock Pessimism Removal (CPR):    -0.000ns
  Clock Uncertainty:      0.035ns  ((TSJ^2 + TIJ^2)^1/2 + DJ) / 2 + PE
    Total System Jitter     (TSJ):    0.071ns
    Total Input Jitter      (TIJ):    0.000ns
    Discrete Jitter          (DJ):    0.000ns
    Phase Error              (PE):    0.000ns

    Location             Delay type                Incr(ns)  Path(ns)    Netlist Resource(s)
  -------------------------------------------------------------------    -------------------
                         (clock clk rise edge)        0.000     0.000 r  
                         input delay                  0.000     0.000    
    U18                                               0.000     0.000 f  rst (IN)
                         net (fo=0)                   0.000     0.000    rst
    U18                  IBUF (Prop_ibuf_I_O)         0.210     0.210 f  rst_IBUF_inst/O
                         net (fo=337, routed)         1.931     2.141    dp/rf_inst/rst
    SLICE_X1Y14          FDCE                                         f  dp/rf_inst/regs_reg[3][14]/CLR
  -------------------------------------------------------------------    -------------------

                         (clock clk rise edge)        0.000     0.000 r  
    W5                                                0.000     0.000 r  clk (IN)
                         net (fo=0)                   0.000     0.000    clk
    W5                   IBUF (Prop_ibuf_I_O)         0.414     0.414 r  clk_IBUF_inst/O
                         net (fo=1, routed)           0.685     1.099    clk_IBUF
    BUFGCTRL_X0Y0        BUFG (Prop_bufg_I_O)         0.029     1.128 r  clk_IBUF_BUFG_inst/O
                         net (fo=513, routed)         0.861     1.988    dp/rf_inst/clk_IBUF_BUFG
    SLICE_X1Y14          FDCE                                         r  dp/rf_inst/regs_reg[3][14]/C
                         clock pessimism              0.000     1.988    
                         clock uncertainty            0.035     2.024    
    SLICE_X1Y14          FDCE (Remov_fdce_C_CLR)     -0.092     1.932    dp/rf_inst/regs_reg[3][14]
  -------------------------------------------------------------------
                         required time                         -1.932    
                         arrival time                           2.141    
  -------------------------------------------------------------------
                         slack                                  0.209    

Slack (MET) :             0.209ns  (arrival time - required time)
  Source:                 rst
                            (input port clocked by clk  {rise@0.000ns fall@5.000ns period=10.000ns})
  Destination:            dp/rf_inst/regs_reg[3][15]/CLR
                            (removal check against rising-edge clock clk  {rise@0.000ns fall@5.000ns period=10.000ns})
  Path Group:             **async_default**
  Path Type:              Removal (Min at Fast Process Corner)
  Requirement:            0.000ns  (clk rise@0.000ns - clk rise@0.000ns)
  Data Path Delay:        2.141ns  (logic 0.210ns (9.788%)  route 1.931ns (90.212%))
  Logic Levels:           1  (IBUF=1)
  Input Delay:            0.000ns
  Clock Path Skew:        1.988ns (DCD - SCD - CPR)
    Destination Clock Delay (DCD):    1.988ns
    Source Clock Delay      (SCD):    0.000ns
    Clock Pessimism Removal (CPR):    -0.000ns
  Clock Uncertainty:      0.035ns  ((TSJ^2 + TIJ^2)^1/2 + DJ) / 2 + PE
    Total System Jitter     (TSJ):    0.071ns
    Total Input Jitter      (TIJ):    0.000ns
    Discrete Jitter          (DJ):    0.000ns
    Phase Error              (PE):    0.000ns

    Location             Delay type                Incr(ns)  Path(ns)    Netlist Resource(s)
  -------------------------------------------------------------------    -------------------
                         (clock clk rise edge)        0.000     0.000 r  
                         input delay                  0.000     0.000    
    U18                                               0.000     0.000 f  rst (IN)
                         net (fo=0)                   0.000     0.000    rst
    U18                  IBUF (Prop_ibuf_I_O)         0.210     0.210 f  rst_IBUF_inst/O
                         net (fo=337, routed)         1.931     2.141    dp/rf_inst/rst
    SLICE_X1Y14          FDCE                                         f  dp/rf_inst/regs_reg[3][15]/CLR
  -------------------------------------------------------------------    -------------------

                         (clock clk rise edge)        0.000     0.000 r  
    W5                                                0.000     0.000 r  clk (IN)
                         net (fo=0)                   0.000     0.000    clk
    W5                   IBUF (Prop_ibuf_I_O)         0.414     0.414 r  clk_IBUF_inst/O
                         net (fo=1, routed)           0.685     1.099    clk_IBUF
    BUFGCTRL_X0Y0        BUFG (Prop_bufg_I_O)         0.029     1.128 r  clk_IBUF_BUFG_inst/O
                         net (fo=513, routed)         0.861     1.988    dp/rf_inst/clk_IBUF_BUFG
    SLICE_X1Y14          FDCE                                         r  dp/rf_inst/regs_reg[3][15]/C
                         clock pessimism              0.000     1.988    
                         clock uncertainty            0.035     2.024    
    SLICE_X1Y14          FDCE (Remov_fdce_C_CLR)     -0.092     1.932    dp/rf_inst/regs_reg[3][15]
  -------------------------------------------------------------------
                         required time                         -1.932    
                         arrival time                           2.141    
  -------------------------------------------------------------------
                         slack                                  0.209    

Slack (MET) :             0.212ns  (arrival time - required time)
  Source:                 rst
                            (input port clocked by clk  {rise@0.000ns fall@5.000ns period=10.000ns})
  Destination:            dp/id_ex_reg/EX_read_data1_reg[13]/CLR
                            (removal check against rising-edge clock clk  {rise@0.000ns fall@5.000ns period=10.000ns})
  Path Group:             **async_default**
  Path Type:              Removal (Min at Fast Process Corner)
  Requirement:            0.000ns  (clk rise@0.000ns - clk rise@0.000ns)
  Data Path Delay:        2.144ns  (logic 0.210ns (9.773%)  route 1.934ns (90.227%))
  Logic Levels:           1  (IBUF=1)
  Input Delay:            0.000ns
  Clock Path Skew:        1.988ns (DCD - SCD - CPR)
    Destination Clock Delay (DCD):    1.988ns
    Source Clock Delay      (SCD):    0.000ns
    Clock Pessimism Removal (CPR):    -0.000ns
  Clock Uncertainty:      0.035ns  ((TSJ^2 + TIJ^2)^1/2 + DJ) / 2 + PE
    Total System Jitter     (TSJ):    0.071ns
    Total Input Jitter      (TIJ):    0.000ns
    Discrete Jitter          (DJ):    0.000ns
    Phase Error              (PE):    0.000ns

    Location             Delay type                Incr(ns)  Path(ns)    Netlist Resource(s)
  -------------------------------------------------------------------    -------------------
                         (clock clk rise edge)        0.000     0.000 r  
                         input delay                  0.000     0.000    
    U18                                               0.000     0.000 f  rst (IN)
                         net (fo=0)                   0.000     0.000    rst
    U18                  IBUF (Prop_ibuf_I_O)         0.210     0.210 f  rst_IBUF_inst/O
                         net (fo=337, routed)         1.934     2.144    dp/id_ex_reg/rst
    SLICE_X0Y14          FDCE                                         f  dp/id_ex_reg/EX_read_data1_reg[13]/CLR
  -------------------------------------------------------------------    -------------------

                         (clock clk rise edge)        0.000     0.000 r  
    W5                                                0.000     0.000 r  clk (IN)
                         net (fo=0)                   0.000     0.000    clk
    W5                   IBUF (Prop_ibuf_I_O)         0.414     0.414 r  clk_IBUF_inst/O
                         net (fo=1, routed)           0.685     1.099    clk_IBUF
    BUFGCTRL_X0Y0        BUFG (Prop_bufg_I_O)         0.029     1.128 r  clk_IBUF_BUFG_inst/O
                         net (fo=513, routed)         0.861     1.988    dp/id_ex_reg/clk_IBUF_BUFG
    SLICE_X0Y14          FDCE                                         r  dp/id_ex_reg/EX_read_data1_reg[13]/C
                         clock pessimism              0.000     1.988    
                         clock uncertainty            0.035     2.024    
    SLICE_X0Y14          FDCE (Remov_fdce_C_CLR)     -0.092     1.932    dp/id_ex_reg/EX_read_data1_reg[13]
  -------------------------------------------------------------------
                         required time                         -1.932    
                         arrival time                           2.144    
  -------------------------------------------------------------------
                         slack                                  0.212    

Slack (MET) :             0.212ns  (arrival time - required time)
  Source:                 rst
                            (input port clocked by clk  {rise@0.000ns fall@5.000ns period=10.000ns})
  Destination:            dp/id_ex_reg/EX_read_data1_reg[15]/CLR
                            (removal check against rising-edge clock clk  {rise@0.000ns fall@5.000ns period=10.000ns})
  Path Group:             **async_default**
  Path Type:              Removal (Min at Fast Process Corner)
  Requirement:            0.000ns  (clk rise@0.000ns - clk rise@0.000ns)
  Data Path Delay:        2.144ns  (logic 0.210ns (9.773%)  route 1.934ns (90.227%))
  Logic Levels:           1  (IBUF=1)
  Input Delay:            0.000ns
  Clock Path Skew:        1.988ns (DCD - SCD - CPR)
    Destination Clock Delay (DCD):    1.988ns
    Source Clock Delay      (SCD):    0.000ns
    Clock Pessimism Removal (CPR):    -0.000ns
  Clock Uncertainty:      0.035ns  ((TSJ^2 + TIJ^2)^1/2 + DJ) / 2 + PE
    Total System Jitter     (TSJ):    0.071ns
    Total Input Jitter      (TIJ):    0.000ns
    Discrete Jitter          (DJ):    0.000ns
    Phase Error              (PE):    0.000ns

    Location             Delay type                Incr(ns)  Path(ns)    Netlist Resource(s)
  -------------------------------------------------------------------    -------------------
                         (clock clk rise edge)        0.000     0.000 r  
                         input delay                  0.000     0.000    
    U18                                               0.000     0.000 f  rst (IN)
                         net (fo=0)                   0.000     0.000    rst
    U18                  IBUF (Prop_ibuf_I_O)         0.210     0.210 f  rst_IBUF_inst/O
                         net (fo=337, routed)         1.934     2.144    dp/id_ex_reg/rst
    SLICE_X0Y14          FDCE                                         f  dp/id_ex_reg/EX_read_data1_reg[15]/CLR
  -------------------------------------------------------------------    -------------------

                         (clock clk rise edge)        0.000     0.000 r  
    W5                                                0.000     0.000 r  clk (IN)
                         net (fo=0)                   0.000     0.000    clk
    W5                   IBUF (Prop_ibuf_I_O)         0.414     0.414 r  clk_IBUF_inst/O
                         net (fo=1, routed)           0.685     1.099    clk_IBUF
    BUFGCTRL_X0Y0        BUFG (Prop_bufg_I_O)         0.029     1.128 r  clk_IBUF_BUFG_inst/O
                         net (fo=513, routed)         0.861     1.988    dp/id_ex_reg/clk_IBUF_BUFG
    SLICE_X0Y14          FDCE                                         r  dp/id_ex_reg/EX_read_data1_reg[15]/C
                         clock pessimism              0.000     1.988    
                         clock uncertainty            0.035     2.024    
    SLICE_X0Y14          FDCE (Remov_fdce_C_CLR)     -0.092     1.932    dp/id_ex_reg/EX_read_data1_reg[15]
  -------------------------------------------------------------------
                         required time                         -1.932    
                         arrival time                           2.144    
  -------------------------------------------------------------------
                         slack                                  0.212    





